ID.pts,long,lat,bio12,bio14,bio15,elevation,prop_cropland,prop_water,prop_urban,prop_grassland,prop_snow_ice,prop_treecover,prop_shrubland,NDVI.mean,NDVI.SD,bio1,Zooreg,RealmID,Realm_incomplete,Realm
1,-56.85,-5.066666667,2212,61,48,84,0.000906892,0.179564692,0,0,0,0.811366385,0,6022,3368,267,5,2,Neotropical,Neotropical
2,-56.91666667,-5.216666667,2210,53,49,75,0.000604595,0.212515115,0,0,0,0.74879081,0,5515,3601,268,5,2,Neotropical,Neotropical
3,-56.43333333,-4.7,2147,68,46,84,0.000906892,0.224909311,0,0,0,0.745163241,0,5934,3622,270,5,2,Neotropical,Neotropical
4,-56.43333333,-5.1,2267,64,48,115,0,0.039903265,0.000906892,0,0,0.933192261,0,6843,2131,268,5,2,Neotropical,Neotropical
5,-56.28333333,-4.5,2102,71,46,34,0.081620314,0.150846433,0,0.000604595,0,0.687122128,0.002720677,6615,2870,270,5,2,Neotropical,Neotropical
6,-56.63333333,-4.683333333,2192,65,47,67,0.002116082,0.184099154,0,0,0,0.789903265,0,6098,3421,270,5,2,Neotropical,Neotropical
7,-56.26555556,-4.44,2137,68,48,30,0.168878166,0.134499397,0.000301568,0.004523522,0,0.605850422,0.003920386,6466,2912,272,5,2,Neotropical,Neotropical
8,-40.14304444,-6.615333333,500,3,105,465,0.12,0.003909774,0,0.003007519,0,0.052330827,0.771729323,5033,2065,249,5,2,Neotropical,Neotropical
9,-47.613628,-15.546044,1426,5,76,1051,0.064412708,0.005246284,0.052754299,0,0,0.153599534,0.449431653,5155,1752,214,5,2,Neotropical,Neotropical
10,-64.8,-0.4,2568,160,23,63,0,0.067657767,0,0,0,0.917475728,0,7227,2289,267,5,2,Neotropical,Neotropical
11,-64.91666667,-0.583333333,2548,154,22,34,0,0.10618932,0.000910194,0,0,0.673847087,0,7054,2393,267,5,2,Neotropical,Neotropical
12,-62.935,-4.998,2433,82,43,37,0,0.148526759,0,0,0,0.265484065,0,6497,2670,264,5,2,Neotropical,Neotropical
13,-63.2,-5.716666667,2463,65,49,69,0.010278114,0.069226119,0.001511487,0,0,0.744558646,0.001813785,6896,2073,264,5,2,Neotropical,Neotropical
14,-35.16666667,-5.916666667,1298,19,68,29,0.106582126,0.432669082,0.081219807,0.120169082,0,0.075483092,0.026268116,1676,4102,257,5,2,Neotropical,Neotropical
15,-57.019,-19.57666,1204,27,57,91,0,0.000571102,0,0,0,0.086807539,0.013706453,6276,933,257,5,2,Neotropical,Neotropical
16,-58.15055556,-16.47666667,1330,19,68,119,0.06699536,0,0,0.020301624,0,0.379060325,0.056264501,6536,1522,261,5,2,Neotropical,Neotropical
17,-37.26666667,-6.566666667,720,2,112,231,0.046630566,0.001504212,0,0,0,0.066486161,0.885379061,4820,1542,264,5,2,Neotropical,Neotropical
18,-46.75,-3.7,1574,27,82,203,0.024545455,0,0,0.008181818,0,0.965757576,0,6818,2376,261,5,2,Neotropical,Neotropical
19,-56.36722222,-1.785833333,2416,59,57,85,0.016036309,0.000605144,0,0,0,0.9397882,0.0096823,7163,2193,270,5,2,Neotropical,Neotropical
20,-56.53138889,-1.602222222,2424,66,55,145,0.003022975,0,0,0,0,0.991535671,0.000302297,7142,2323,270,5,2,Neotropical,Neotropical
21,-56.51888889,-1.6275,2424,66,55,151,0.014826021,0,0.001512859,0.001815431,0,0.958245083,0.002420575,6984,2493,270,5,2,Neotropical,Neotropical
22,-56.53222222,-1.628611111,2424,66,55,151,0.0081571,0,0.001510574,0.001510574,0,0.972205438,0.001812689,7054,2415,270,5,2,Neotropical,Neotropical
23,-56.52861111,-1.647777778,2424,66,55,151,0.014207981,0,0.001813785,0.002116082,0,0.957073761,0.003022975,7032,2455,270,5,2,Neotropical,Neotropical
24,-56.52,-1.786666667,2377,55,57,121,0.009673519,0,0,0.003929867,0,0.961003628,0.012696493,7135,2343,270,5,2,Neotropical,Neotropical
25,-56.51527778,-1.800833333,2377,55,57,123,0.014470907,0,0,0.003919204,0,0.954778414,0.012662044,7133,2311,270,5,2,Neotropical,Neotropical
26,-56.49555556,-1.798888889,2416,59,57,107,0.016007249,0,0,0.003926306,0,0.952280278,0.013289037,7093,2337,270,5,2,Neotropical,Neotropical
27,-56.52111111,-1.805277778,2377,55,57,123,0.017808633,0,0,0.003923936,0,0.950799879,0.013281014,7133,2304,270,5,2,Neotropical,Neotropical
28,-60.71972222,-12.22927778,1807,9,70,321,0.070710059,0,0.000295858,0,0,0.894674556,0.005325444,7330,1688,228,5,2,Neotropical,Neotropical
29,-59.68274444,-13.82132778,1908,11,68,638,0.061158483,0,0,0.023816525,0,0.624522199,0.136430462,6742,2005,219,5,2,Neotropical,Neotropical
30,-64.7,-9.33,1933,27,58,106,0.125448029,0.086320191,0,0.001792115,0,0.699223417,0.013142174,6368,2592,261,5,2,Neotropical,Neotropical
31,-64.383,-9.45,2014,28,59,113,0.16129994,0,0,0,0,0.833333333,0.005366726,7596,1774,261,5,2,Neotropical,Neotropical
32,-64.4833,-9.1167,2022,25,59,99,0.068554396,0.062295082,0,0.00119225,0,0.84709389,0.009538003,6918,2494,261,5,2,Neotropical,Neotropical
33,-64.7167,-9.3167,1933,27,58,103,0.069150522,0.087630402,0,0.00119225,0,0.779433681,0.00804769,6393,2702,261,5,2,Neotropical,Neotropical
34,-64.633,-9.133,1987,26,58,112,0.012835821,0.067761194,0,0,0,0.909552239,0.00119403,7169,2297,261,5,2,Neotropical,Neotropical
35,-64.5,-9.15,2022,25,59,96,0.075089392,0.090286055,0.001191895,0.001191895,0,0.810488677,0.005959476,6792,2573,261,5,2,Neotropical,Neotropical
36,-64.633,-9.15,1987,26,58,112,0.026268657,0.078208955,0,0,0,0.880895522,0.003283582,7029,2397,261,5,2,Neotropical,Neotropical
37,-64.4833,-9.133,2022,25,59,96,0.067362146,0.078092399,0.00119225,0.00119225,0,0.83338301,0.006259314,6838,2556,261,5,2,Neotropical,Neotropical
38,-64.35,-9.45,2014,28,59,118,0.088796186,0,0,0,0,0.907926103,0.003277712,7676,1737,261,5,2,Neotropical,Neotropical
39,-64.35,-9.433,2014,28,59,118,0.092316855,0,0,0,0,0.905002978,0.002680167,7660,1762,261,5,2,Neotropical,Neotropical
40,-64.73,-9.283,1933,27,58,107,0.026825633,0.077496274,0,0,0,0.86557377,0.002086438,6885,2446,261,5,2,Neotropical,Neotropical
41,-64.083,-8.8,2056,20,59,92,0.097072879,0.058841099,0,0.00567503,0,0.638888889,0.019414576,6605,2382,260,5,2,Neotropical,Neotropical
42,-64.23,-9.0167,2063,25,59,82,0.180161339,0.090528832,0,0.005676725,0,0.578129668,0.028682402,6606,2640,261,5,2,Neotropical,Neotropical
43,-64.7167,-9.283,1933,27,58,107,0.037831397,0.08370569,0,0.00119154,0,0.841227286,0.002085195,6646,2643,261,5,2,Neotropical,Neotropical
44,-64.467,-9.1167,2022,25,59,99,0.075223881,0.06119403,0.000895522,0.00119403,0,0.84119403,0.009253731,6941,2453,261,5,2,Neotropical,Neotropical
45,-64.6167,-9.15,1987,26,58,100,0.031883194,0.085220501,0,0,0,0.86352801,0.005363528,6945,2463,261,5,2,Neotropical,Neotropical
46,-64.7,-9.3167,1933,27,58,106,0.090286055,0.091775924,0,0.001191895,0,0.743146603,0.011323004,6351,2656,261,5,2,Neotropical,Neotropical
47,-64.75,-9.267,1933,27,58,107,0.013110846,0.047675805,0,0,0,0.929380215,0.001191895,7264,2094,261,5,2,Neotropical,Neotropical
48,-64.7167,-9.33,1933,27,58,103,0.100089633,0.085748431,0,0.0011951,0,0.737376755,0.009262026,6391,2636,261,5,2,Neotropical,Neotropical
49,-64.233,-9.05,2063,25,59,91,0.179104478,0.094328358,0,0.00238806,0,0.62119403,0.040895522,6658,2695,261,5,2,Neotropical,Neotropical
50,-64.5,-9.133,2022,25,59,96,0.062574493,0.078963051,0,0.001191895,0,0.837902265,0.006555423,6839,2572,261,5,2,Neotropical,Neotropical
51,-64.67,-9.33,1933,27,58,106,0.149672033,0.086463924,0,0.001788909,0,0.664579606,0.020870602,6417,2515,261,5,2,Neotropical,Neotropical
52,-64.683,-9.33,1933,27,58,106,0.136933174,0.087708831,0,0.001789976,0,0.679892601,0.016706444,6385,2554,261,5,2,Neotropical,Neotropical
53,-64.7167,-9.3,1933,27,58,103,0.044100119,0.088498212,0,0.001191895,0,0.820619785,0.005661502,6435,2770,261,5,2,Neotropical,Neotropical
54,-64.467,-9.1,2022,25,59,99,0.078507463,0.040298507,0,0.000597015,0,0.860298507,0.009850746,7118,2214,261,5,2,Neotropical,Neotropical
55,-64.33,-9.433,2070,27,59,121,0.087008343,0,0,0,0,0.910309893,0.002681764,7645,1759,260,5,2,Neotropical,Neotropical
56,-64.6,-9.167,1973,27,58,83,0.060786651,0.10011919,0,0,0,0.811084625,0.00864124,6700,2614,262,5,2,Neotropical,Neotropical
57,-64.6167,-9.167,1973,27,58,83,0.053055142,0.096274218,0,0,0,0.825633383,0.007451565,6777,2575,262,5,2,Neotropical,Neotropical
58,-64.367,-9.433,2014,28,59,118,0.128579952,0,0,0,0,0.864260143,0.007159905,7628,1784,261,5,2,Neotropical,Neotropical
59,-64.6167,-9.133,1987,26,58,100,0.015797317,0.075111773,0,0,0,0.897168405,0.002086438,7086,2372,261,5,2,Neotropical,Neotropical
60,-64.367,-9.45,2014,28,59,118,0.117769827,0,0,0,0,0.876267144,0.005963029,7643,1765,261,5,2,Neotropical,Neotropical
61,-64.73,-9.3,1933,27,58,103,0.033154122,0.083930705,0,0.001194743,0,0.843787336,0.003584229,6611,2673,261,5,2,Neotropical,Neotropical
62,-64.33,-9.45,2070,27,59,121,0.075820896,0,0,0,0,0.922089552,0.002089552,7673,1740,260,5,2,Neotropical,Neotropical
63,-64.683,-9.35,1915,29,58,126,0.163088849,0.07751938,0,0.001788909,0,0.648181276,0.020870602,6524,2424,262,5,2,Neotropical,Neotropical
64,-64.23,-9.03,2063,25,59,82,0.17905103,0.09221128,0,0.004476276,0,0.600716204,0.030438675,6595,2686,261,5,2,Neotropical,Neotropical
65,-64.067,-8.8167,2056,20,59,92,0.125485509,0.085150881,0,0.005676725,0,0.584403944,0.024798327,6428,2516,260,5,2,Neotropical,Neotropical
66,-70.09916667,-12.56861111,3253,112,46,259,0,0.054357459,0,0,0,0.937370753,0,7294,2116,249,5,2,Neotropical,Neotropical
67,-41.04861111,-13.93444444,624,5,77,331,0.053356787,0,0,0.004983876,0,0.10466139,0.464379947,4966,1952,237,5,2,Neotropical,Neotropical
68,-77.55,-6.5833,923,32,42,2150,0,0,0,0,0,1,0,6784,2603,162,4,2,Neotropical,Neotropical
69,-77.6833,-6.6833,1115,36,43,2734,0,0,0,0,0,1,0,6024,2923,128,4,2,Neotropical,Neotropical
70,-79.2333,-5.1,1018,42,40,2135,0.000604595,0,0,0.000604595,0,0.951027811,0.008162031,5184,3087,158,4,2,Neotropical,Neotropical
71,-77.4167,-6.7167,925,33,41,1629,0,0,0,0,0,1,0,7684,2097,186,4,2,Neotropical,Neotropical
72,-39.84775278,-12.9033,596,17,50,613,0.210790094,0,0.003832547,0.115566038,0,0.03125,0.402122642,5275,1637,213,5,2,Neotropical,Neotropical
73,-39.82791667,-13.39720278,955,49,19,644,0.147897677,0,0.000294031,0.215818877,0,0.221405469,0.270802705,5698,1937,205,5,2,Neotropical,Neotropical
74,-39.82770278,-12.913175,676,25,39,513,0.221108491,0,0.003832547,0.136497642,0,0.033018868,0.35053066,5302,1651,216,5,2,Neotropical,Neotropical
75,-56.47694,-1.6683,2416,59,57,168,0.038054968,0,0.009664754,0.00422833,0,0.89640592,0.014799154,6666,2658,270,5,2,Neotropical,Neotropical
76,-56.4772,-1.66972,2416,59,57,168,0.037821483,0,0.0096823,0.00484115,0,0.894402421,0.014826021,6646,2667,270,5,2,Neotropical,Neotropical
77,-56.483,-1.74694,2416,59,57,121,0.029669997,0,0.004844081,0.006660612,0,0.899788071,0.02028459,6620,2721,270,5,2,Neotropical,Neotropical
78,-56.49583,-1.744167,2416,59,57,121,0.028407374,0,0.003928679,0.006346328,0,0.911151405,0.01631913,6667,2711,270,5,2,Neotropical,Neotropical
79,-56.4861,-1.7572,2416,59,57,120,0.027190332,0,0.003021148,0.006344411,0,0.914803625,0.016616314,6727,2659,270,5,2,Neotropical,Neotropical
80,-56.50083,-1.74389,2377,55,57,144,0.027509069,0,0.003022975,0.005743652,0,0.915054414,0.016324063,6687,2700,270,5,2,Neotropical,Neotropical
81,-56.3825,-1.75361,2416,59,57,91,0.027198549,0,0.006648534,0.000604412,0,0.935327894,0.011786038,6915,2512,270,5,2,Neotropical,Neotropical
82,-56.39278,-1.7456,2416,59,57,119,0.032306763,0,0.008152174,0.001509662,0,0.921195652,0.013888889,6779,2618,270,5,2,Neotropical,Neotropical
83,-56.389167,-1.74583,2416,59,57,119,0.029909366,0,0.0081571,0.000906344,0,0.927190332,0.013293051,6803,2601,270,5,2,Neotropical,Neotropical
84,-56.4183,-1.723,2416,59,57,110,0.047676524,0.001508751,0.009656005,0.005431503,0,0.866324683,0.021122511,6543,2701,270,5,2,Neotropical,Neotropical
85,-56.44583,-1.69472,2416,59,57,136,0.048655183,0.001511031,0.009670595,0.006648534,0,0.860078574,0.022665458,6463,2691,270,5,2,Neotropical,Neotropical
86,-56.45972,-1.62972,2457,69,55,137,0.033182504,0.001508296,0.009653092,0.002714932,0,0.912820513,0.009049774,6853,2572,270,5,2,Neotropical,Neotropical
87,-56.501389,-1.7361,2377,55,57,144,0.028398792,0,0.003927492,0.006646526,0,0.910271903,0.016616314,6695,2694,270,5,2,Neotropical,Neotropical
88,-56.484167,-1.767,2416,59,57,120,0.023543616,0,0.000603682,0.005734983,0,0.926652581,0.016299427,6889,2528,270,5,2,Neotropical,Neotropical
89,-56.411389,-1.7256,2416,59,57,119,0.044807751,0.001513775,0.009688162,0.004541326,0,0.877686951,0.018468059,6587,2694,270,5,2,Neotropical,Neotropical
90,-56.402,-1.745278,2416,59,57,119,0.034753702,0,0.008461771,0.003928679,0,0.906013901,0.014808099,6696,2674,270,5,2,Neotropical,Neotropical
91,-51.6,-1.95,2224,57,55,43,0,0,0,0,0,1,0,6931,2471,267,5,2,Neotropical,Neotropical
92,-59.01694444,-14.95188889,1565,11,70,665,0.07284962,0,0,0.016091281,0,0.822118198,0.078993563,6628,1926,227,5,2,Neotropical,Neotropical
93,-55.86666667,-15.31666667,1442,13,62,384,0.012873025,0,0,0,0,0.059391457,0.885605617,5933,1506,239,5,2,Neotropical,Neotropical
94,-50.93333333,0.45,2171,21,68,18,0.047936893,0.00151699,0,0.015473301,0,0.092536408,0.5,5050,1965,269,5,2,Neotropical,Neotropical
95,-55.95459444,-15.35073056,1413,13,64,231,0.004085206,0.000875401,0.001459002,0,0,0.061861687,0.91421068,5696,1593,248,5,2,Neotropical,Neotropical
96,-48.88918333,-26.31571389,1692,78,34,18,0.159782609,0.004619565,0.254891304,0.062771739,0,0.404076087,0.01576087,6151,2186,207,5,2,Neotropical,Neotropical
97,-77.73333333,-2.116666667,3376,220,14,663,0,0.000606796,0,0,0,0.998179612,0,6225,2868,225,5,2,Neotropical,Neotropical
98,-59.97253333,-2.932777778,2197,80,40,84,0.106569785,0.00121102,0.112624886,0.000302755,0,0.765667575,0.002724796,6708,2040,272,5,2,Neotropical,Neotropical
99,-57.49573611,-30.20556389,1324,66,24,55,0.448711205,0.101788532,0.001315097,0.132824829,0,0.058127301,0.01946344,4825,2312,197,4,2,Neotropical,Neotropical
100,-44.841,-23.18999,1925,56,54,1300,0.011689396,0,0,0.022543835,0,0.752017812,0.20484275,7803,1533,179,5,2,Neotropical,Neotropical
101,-49.641754,-28.153369,1705,112,16,1469,0.014430786,0,0,0.005344735,0,0.764297167,0.065740246,7259,1126,136,5,2,Neotropical,Neotropical
102,-49.6369,-28.161303,1705,112,16,1469,0.015240642,0,0,0.005882353,0,0.754010695,0.061229947,7236,1151,136,5,2,Neotropical,Neotropical
103,-49.645866,-28.165583,1705,112,16,1469,0.014434643,0,0,0.006682705,0,0.743384122,0.07457899,7237,1128,136,5,2,Neotropical,Neotropical
104,-49.618971,-28.15274,1705,112,16,1589,0.01340842,0,0,0.005363368,0,0.765084473,0.045320461,7226,1184,136,5,2,Neotropical,Neotropical
105,-49.635256,-28.141943,1705,112,16,1469,0.012032086,0,0,0.004278075,0,0.793048128,0.054812834,7290,1112,136,5,2,Neotropical,Neotropical
106,-49.63666667,-28.16083333,1705,112,16,1469,0.014981273,0,0,0.0058855,0,0.754414125,0.06153023,7236,1151,136,5,2,Neotropical,Neotropical
107,-60.26666667,-3.666666667,2158,68,42,30,0.238181818,0.058484848,0,0,0,0.669393939,0.004545455,6872,2122,272,5,2,Neotropical,Neotropical
108,-45.73333333,-15.16666667,1189,4,88,768,0.054513482,0,0,0.000293083,0,0.00996483,0.89126612,5636,984,229,5,2,Neotropical,Neotropical
109,-64.27870556,-36.89336111,558,18,43,148,0.30089784,0.03251638,0,0.001698617,0,0.117204562,0.479737928,4186,1507,153,4,2,Neotropical,Neotropical
110,-68.1792862,-21.7458715,51,0,165,3888,0,0,0,0,0.051224317,0,0.641992682,566,248,40,4,2,Neotropical,Neotropical
111,-69.1833,-19.6833,60,0,145,3526,0,0,0,0.000570451,0,0,0.341985168,1134,185,102,4,2,Neotropical,Neotropical
112,-69.5597273,-18.1969907,191,0,164,3706,0,0,0,0.072271811,0.010653614,0.000863807,0.361934927,1100,418,81,4,2,Neotropical,Neotropical
113,-68.167,-21.73,51,0,165,3888,0,0,0,0,0.012935883,0,0.632170979,573,302,40,4,2,Neotropical,Neotropical
114,-69.67391968,-20.47204895,0,0,0,989,0.001988636,0,0.045170455,0.015909091,0,0.002556818,0.016193182,1356,621,162,4,2,Neotropical,Neotropical
115,-69.16666667,-18.25,306,0,139,4787,0,0.102534562,0,0.005760369,0.036578341,0.002304147,0.63421659,726,1123,15,4,2,Neotropical,Neotropical
116,-70.7878928,-35.8214266,844,15,80,1421,0.124013807,0.001972387,0,0.00147929,0,0.05300789,0.581114398,1991,2419,70,4,2,Neotropical,Neotropical
117,-72.11666667,-36.6,930,10,86,126,0.40542522,0,0.060361681,0.007331378,0,0.200635386,0.148826979,5489,1494,133,4,2,Neotropical,Neotropical
118,-67.9952126,-23.1898058,42,0,150,2684,0,0,0,0,0,0,0.000557258,764,295,106,4,2,Neotropical,Neotropical
119,-70.4324105,-34.9611935,762,12,82,2452,0,0,0,0.001991536,0.11102813,0,0.625093353,788,1533,40,4,2,Neotropical,Neotropical
120,-70.9279843,-33.0838906,364,1,105,623,0.032545131,0,0.001525553,0.066107297,0,0.016781083,0.681922197,4090,1417,135,4,2,Neotropical,Neotropical
121,-70.9944154,-35.4763524,996,14,85,1333,0.269401878,0.000494315,0,0.001730104,0,0.385071676,0.235541275,4978,3154,83,4,2,Neotropical,Neotropical
122,-70.33611111,-18.37852778,0,0,0,18,0.001720183,0.395928899,0.020642202,0,0,0,0.004873853,-740,1940,187,4,2,Neotropical,Neotropical
123,-73.24583333,-39.8141667,2260,62,60,8,0.039476758,0.155337538,0.049053959,0.005839757,0,0.683017986,0.010745153,6169,3508,112,4,2,Neotropical,Neotropical
124,-71.10277778,-32.9702778,377,0,109,947,0.057790224,0,0.000254582,0.009164969,0,0.026476578,0.852342159,5224,1177,134,4,2,Neotropical,Neotropical
125,-73.91416667,-38.3708333,1222,30,62,71,0.028802666,0.852178053,0.001904308,0.000952154,0,0.086646037,0.004046656,-1736,3400,121,NA,NA,NA,Neotropical
126,-73.96666667,-42.15,2373,92,48,342,0.000450857,0.064923354,0,0,0,0.922903517,0.004283138,7561,2843,103,4,2,Neotropical,Neotropical
127,-72.11425781,-40.67647213,1822,56,48,737,0.005303205,0.000691722,0,0.004842057,0,0.848973945,0.047037122,6923,3081,67,4,2,Neotropical,Neotropical
128,-72.9981552,-37.7926907,1525,29,75,1169,0.0117506,0,0,0,0,0.892805755,0.038369305,7453,1437,81,4,2,Neotropical,Neotropical
129,-70.7520907,-34.8048517,1035,9,90,1074,0.030189621,0,0,0.00499002,0,0.523203593,0.318862275,5330,2239,104,4,2,Neotropical,Neotropical
130,-73.74388889,-40.605,1927,63,52,111,0.000692361,0.413801062,0.001153935,0,0,0.581121625,0.00230787,3391,5616,99,4,2,Neotropical,Neotropical
131,-72.35,-37.4666667,1214,21,78,143,0.212216321,0,0.038145823,0.021245775,0,0.376146789,0.078705939,6236,1515,134,4,2,Neotropical,Neotropical
132,-56.29861111,-16.36722222,1257,14,66,128,0.006966618,0.010740203,0,0,0,0.471988389,0.181132075,6321,1367,261,5,2,Neotropical,Neotropical
133,-39.241,-13.84,1897,114,16,196,0.000293686,0.000587372,0,0.038179148,0,0.960352423,0,6715,2564,232,5,2,Neotropical,Neotropical
134,-48.8925,-27.09861111,1661,87,26,79,0.106314085,0,0.04695089,0.014301133,0,0.764166217,0.006206152,7410,1515,195,5,2,Neotropical,Neotropical
135,-71.35,-42.91666667,698,27,52,639,0.029937444,0.00893655,0.010723861,0.003798034,0,0.118409294,0.337578195,3763,1603,80,4,2,Neotropical,Neotropical
136,-50.16666667,-29.46666667,1922,134,8,706,0.005546751,0,0,0.032223983,0,0.949550977,0,8312,797,157,5,2,Neotropical,Neotropical
137,-47.89777778,-15.94083333,1696,7,78,1092,0.061645827,0.000581564,0.021517883,0.000581564,0,0.069787729,0.698168072,5121,1625,208,5,2,Neotropical,Neotropical
138,-86.84569,15.70328,2385,81,42,442,0.094614265,0.09286754,0.024745269,0,0,0.782532751,0,5837,3905,259,3,8,Panamanian,Panamanian
139,-43.83333333,-19.98333333,1454,11,86,810,0.005410023,0.000854214,0.049259681,0,0,0.523063781,0.41429385,6331,1570,199,5,2,Neotropical,Neotropical
140,-42.13333333,-19.78333333,1264,18,74,644,0.037913341,0,0.025940707,0.378278221,0,0.129418472,0.183010262,6264,1833,203,5,2,Neotropical,Neotropical
141,-39.95,-15.98333333,843,36,43,132,0.188591385,0.005529686,0.003783469,0.326251455,0,0.222933644,0.061699651,5629,2263,239,5,2,Neotropical,Neotropical
142,-41,-16.43333333,899,22,67,236,0.028455285,0.011614402,0.010452962,0.18757259,0,0.333333333,0.090592334,6845,1842,234,5,2,Neotropical,Neotropical
143,-45.9,-17.01666667,1168,2,89,547,0.136099826,0.001741149,0,0.009866512,0,0.08357516,0.485490424,5697,1526,237,5,2,Neotropical,Neotropical
144,-43.88333333,-17.38333333,1137,3,90,887,0.046060255,0,0,0.037659328,0,0.193800695,0.120509849,6017,1911,217,5,2,Neotropical,Neotropical
145,-45.05,-18.71666667,1183,2,87,665,0.042791499,0.022113728,0,0.015508329,0,0.217403791,0.252153935,5923,1968,230,5,2,Neotropical,Neotropical
146,-39.98333333,-19.1,1229,45,45,44,0.027189468,0.00171723,0,0.058385804,0,0.837721809,0.015741271,7475,1774,241,5,2,Neotropical,Neotropical
147,-40.26666667,-19.81666667,1168,36,52,58,0.07977208,0.001994302,0.016809117,0.129344729,0,0.587464387,0.051282051,6737,1735,244,5,2,Neotropical,Neotropical
148,-43.85,-14.73333333,812,0,97,462,0.051612903,0.026099707,0.003812317,0,0,0.495307918,0.156304985,6083,2103,245,5,2,Neotropical,Neotropical
149,-39.43333333,-7.266666667,1076,8,90,710,0.059795673,0,0.027043269,0.216346154,0,0.53515625,0.053185096,6632,1783,237,5,2,Neotropical,Neotropical
150,-43.83333333,-19.83333333,1420,9,87,850,0.053276353,0,0.174643875,0.001994302,0,0.396866097,0.302279202,5818,1937,207,5,2,Neotropical,Neotropical
151,-42.65,-20.83333333,1319,19,72,767,0.073412698,0.000566893,0.003117914,0.474489796,0,0.032029478,0.202947846,6237,1495,193,5,2,Neotropical,Neotropical
152,-99.25152,19.24604,1131,10,94,3374,0.003994294,0,0.196861626,0,0,0.013409415,0.018830243,5376,1989,119,1,10,Nearctic,Nearctic
153,-39.170961,-13.821753,1890,111,16,117,0.00088054,0.019078368,0,0.04109187,0,0.910184913,0.000587027,6499,2820,233,5,2,Neotropical,Neotropical
154,-39.198383,-13.821172,1890,111,16,117,0.000880023,0.002933412,0,0.040481079,0,0.949838662,0,6625,2663,233,5,2,Neotropical,Neotropical
155,-95.76222222,48.84444444,539,14,60,316,0.00441324,0.001203611,0.012036108,0.001604814,0,0.040120361,0.000200602,3418,2918,22,2,10,Nearctic,Nearctic
156,-96.45972222,47.95611111,533,12,61,294,0.00061187,0,0,0.006730573,0,0.007138487,0,3537,2824,40,2,10,Nearctic,Nearctic
157,-86.381,13.736,1689,28,62,1461,0.040305972,0,0,0.01265078,0,0.837599294,0,6514,2320,205,3,8,Panamanian,Panamanian
158,-86.374,13.725,1689,28,62,1215,0.046525324,0,0,0.015606596,0,0.815959953,0,6489,2278,205,3,8,Panamanian,Panamanian
159,-86.393,13.743,1689,28,62,1461,0.031075931,0,0,0.012606274,0,0.853122252,0,6515,2351,205,3,8,Panamanian,Panamanian
160,-84.158,13.531,2717,61,57,19,0.003822405,0,0,0.017935901,0,0.676271685,0.011467216,6602,2068,261,3,8,Panamanian,Panamanian
161,-85.015,13.714,2367,43,56,718,0.002647059,0,0,0,0,0.997058824,0,7328,2210,228,3,8,Panamanian,Panamanian
162,-39.8277,-12.91317,676,25,39,513,0.220878797,0,0.003833677,0.136537894,0,0.033028605,0.350634031,5302,1651,216,5,2,Neotropical,Neotropical
163,-46.73280556,-23.99369444,2358,87,40,794,0.001107113,0,0.000276778,0,0,0.990035981,0.000830335,8108,1047,173,5,2,Neotropical,Neotropical
164,-146.94366,65.23043,291,7,56,417,0,0,0,0.001537279,0,0.078529336,0.555342045,2252,3471,-56,6,10,Nearctic,Nearctic
165,-147.321237,65.163393,311,8,55,356,0,0,0,0.000385505,0,0.315857106,0.34232845,2765,3628,-50,6,10,Nearctic,Nearctic
166,-148.23181,63.32385,370,11,64,804,0,0.003290827,0,0.054572878,0,0.032085561,0.456465104,2074,3524,-48,6,10,Nearctic,Nearctic
167,-147.00372,63.03881,294,7,76,885,0,0.001664355,0,0.041192788,0,0.034674064,0.299306519,1521,3502,-63,6,10,Nearctic,Nearctic
168,-146.22423,63.07621,256,5,86,1145,0,0.024623046,0,0.113847005,0,0.034997925,0.429104994,1656,3437,-65,6,10,Nearctic,Nearctic
169,-149.29083,65.28899,302,8,68,339,0,0,0,0.011769221,0,0.5109377,0.109376999,2844,3764,-50,6,10,Nearctic,Nearctic
170,-148.2325,63.32495,370,11,64,804,0,0.003294441,0,0.055044612,0,0.032120796,0.455868222,2084,3528,-48,6,10,Nearctic,Nearctic
171,-148.2334,63.33333,370,11,64,804,0,0.003293988,0,0.061899533,0,0.033351633,0.454844908,2155,3537,-48,6,10,Nearctic,Nearctic
172,-147.00395,63.03887,294,7,76,885,0,0.001663432,0,0.041308567,0,0.034654838,0.299279179,1521,3502,-63,6,10,Nearctic,Nearctic
173,-77.42316,42.39301,855,46,22,471,0.010557053,0.001123091,0.005615454,0.031221923,0,0.835130279,0,5250,2838,71,2,10,Nearctic,Nearctic
174,-72.5772,40.9957,1137,77,11,13,0.002065641,0.627955015,0.0890521,0.022033509,0,0.005278862,0,-587,3930,106,2,10,Nearctic,Nearctic
175,-72.76399,40.94607,1143,82,9,28,0.004585053,0.332874828,0.104080697,0.008023842,0,0.027968822,0.0043558,2570,4490,108,2,10,Nearctic,Nearctic
176,-74.03508,42.06375,1165,77,10,105,0.000678273,0.040244178,0.022156907,0.06873163,0,0.815962017,0,6073,2552,75,2,10,Nearctic,Nearctic
177,-74.88021,42.19848,1090,63,15,608,0.001127396,0.002254791,0.002254791,0.022547914,0,0.970462232,0,5396,3100,61,2,10,Nearctic,Nearctic
178,-74.8399972,41.800416,1131,72,12,475,0,0.0070247,0.00634489,0.067754362,0,0.911851348,0,5929,2659,74,2,10,Nearctic,Nearctic
179,-109.81728,32.64469,386,7,64,2074,0,0,0,0,0,0.003834356,0.528885481,3228,1537,144,2,10,Nearctic,Nearctic
180,-109.48584,32.90633,355,8,60,1037,0.001528662,0,0,0,0,0.001019108,0.986242038,1987,619,155,2,10,Nearctic,Nearctic
181,-109.50211,32.88479,332,7,60,1067,0.003309572,0,0,0,0,0.00203666,0.981924644,1846,571,160,2,10,Nearctic,Nearctic
182,-109.8195,32.64024,386,7,64,2074,0,0,0,0,0,0.003841229,0.531113956,4028,1789,144,2,10,Nearctic,Nearctic
183,-109.87695,32.66383,416,7,66,2153,0.001280082,0,0,0.000512033,0,0.001792115,0.336149514,4494,1756,138,2,10,Nearctic,Nearctic
184,-109.81452,32.64843,386,7,64,2074,0,0,0,0,0,0.003832397,0.529892693,4017,1812,144,2,10,Nearctic,Nearctic
185,-105.01654,30.77684,299,6,85,1431,0,0,0,0,0,0.0171875,0.975520833,1704,366,155,1,10,Nearctic,Nearctic
186,-103.8057,29.56311,343,7,73,1294,0,0,0,0,0,0,0.993936198,1797,457,184,1,10,Nearctic,Nearctic
187,-109.49718,32.888,355,8,60,1037,0.003058884,0,0,0,0,0.002039256,0.983685955,1865,571,155,2,10,Nearctic,Nearctic
188,-109.87618,32.66114,416,7,66,2153,0.001279427,0,0,0.000511771,0,0.001791198,0.344165814,4462,1760,138,2,10,Nearctic,Nearctic
189,-109.49018,32.90515,355,8,60,1037,0.001784349,0,0,0,0,0.001019628,0.987509559,1970,608,155,2,10,Nearctic,Nearctic
190,-109.49009,32.9094,355,8,60,1037,0.001780264,0,0,0,0,0.001017294,0.985503561,1993,625,155,2,10,Nearctic,Nearctic
191,-109.81693,32.64891,386,7,64,2074,0,0,0,0,0,0.003834356,0.521728016,4042,1810,144,2,10,Nearctic,Nearctic
192,-71.058101,-39.733234,656,14,70,1072,0.030707923,0,0,0,0,0.042662916,0.611814346,3373,1246,86,4,2,Neotropical,Neotropical
193,-44.00389,-14.84917,882,1,94,491,0.073434757,0.044470451,0.005266238,0.003510825,0,0.456992393,0.180514921,6214,2214,240,5,2,Neotropical,Neotropical
194,-43.98027778,-14.84777778,829,0,95,483,0.078207381,0.05506737,0.004393673,0.003222027,0,0.474223784,0.164323374,6268,2204,244,5,2,Neotropical,Neotropical
195,-44.00778,-14.84944,882,1,94,491,0.072828312,0.041532612,0.005264697,0.003802281,0,0.45861363,0.179292191,6217,2211,240,5,2,Neotropical,Neotropical
196,-43.9806,-14.84903,829,0,95,483,0.077013177,0.055051245,0.004099561,0.003221083,0,0.475841874,0.163396779,6265,2207,244,5,2,Neotropical,Neotropical
197,-43.99459,-14.84909,829,0,95,483,0.075234192,0.050351288,0.004098361,0.003512881,0,0.460480094,0.178278689,6235,2210,244,5,2,Neotropical,Neotropical
198,-43.99967,-14.8492,829,0,95,483,0.075438596,0.047368421,0.005263158,0.003508772,0,0.456140351,0.180994152,6221,2212,244,5,2,Neotropical,Neotropical
199,-43.97833333,-14.84944444,829,0,95,483,0.075730994,0.05497076,0.004093567,0.003216374,0,0.479239766,0.160818713,6268,2207,244,5,2,Neotropical,Neotropical
200,-43.96709,-14.84772,829,0,95,483,0.065885798,0.057686676,0.00556369,0.002342606,0,0.472327965,0.156661786,6278,2202,244,5,2,Neotropical,Neotropical
201,-43.95122,-14.84984,829,0,95,451,0.054385965,0.058479532,0.005555556,0.002339181,0,0.47251462,0.137719298,6277,2202,244,5,2,Neotropical,Neotropical
202,-43.9883,-14.84853,829,0,95,483,0.0761347,0.052708638,0.004099561,0.003513909,0,0.464128843,0.172767204,6250,2208,244,5,2,Neotropical,Neotropical
203,-43.95567,-14.85752,829,0,95,451,0.054481547,0.057703574,0.004100762,0.002929115,0,0.490919742,0.130931459,6279,2213,244,5,2,Neotropical,Neotropical
204,-43.95896,-14.8501,829,0,95,483,0.057669789,0.057669789,0.005562061,0.00234192,0,0.476288056,0.146370023,6279,2205,244,5,2,Neotropical,Neotropical
205,-48.59536667,-25.67120278,2026,84,42,297,0.005457026,0,0,0.013096862,0,0.978171896,0,8012,1501,203,5,2,Neotropical,Neotropical
206,-38.682305,-9.73225,551,14,47,611,0.08733234,0,0,0.008345753,0,0.290014903,0.485543964,5677,1456,225,5,2,Neotropical,Neotropical
207,-38.29308,-9.48391,532,8,48,299,0.541492537,0.037910448,0.004477612,0.00238806,0,0.160597015,0.218208955,4354,1768,257,5,2,Neotropical,Neotropical
208,-38.305155,-9.330659,459,9,51,320,0.506419827,0.152284264,0.001194386,0.025082114,0,0.119737235,0.085697223,4172,2116,251,5,2,Neotropical,Neotropical
209,-38.633575,-9.8725117,606,18,39,646,0.038095238,0,0,0.028869048,0,0.650892857,0.208630952,6459,1460,229,5,2,Neotropical,Neotropical
210,-35.12,-6.7,1397,26,61,145,0.161658654,0,0,0.420372596,0,0.275540865,0.030649038,5575,2013,253,5,2,Neotropical,Neotropical
211,-35.09,-6.8,1397,26,61,59,0.218918919,0.004504505,0.007807808,0.391891892,0,0.241741742,0.031531532,5460,1966,253,5,2,Neotropical,Neotropical
212,-35.14,-6.74,1397,26,61,140,0.151051051,0,0.0003003,0.453753754,0,0.273573574,0.024024024,5520,2020,253,5,2,Neotropical,Neotropical
213,-35.18,-6.72,1099,18,62,170,0.094294294,0,0,0.599399399,0,0.206006006,0.01981982,5511,1983,253,5,2,Neotropical,Neotropical
214,-34.86,-7.06,1761,35,64,6,0.095709571,0.387638764,0.156915692,0.089108911,0,0.192919292,0.01650165,2172,4296,254,NA,NA,NA,Neotropical
215,-83.69,35.95,1245,73,14,290,0.01036781,0.0093804,0.013083189,0.63194273,0,0.230313503,0,6002,1779,139,2,10,Nearctic,Nearctic
216,-84.12,35.61,1391,81,15,285,0.005178792,0.09025894,0.005178792,0.502589396,0,0.327250308,0,6008,2278,140,2,10,Nearctic,Nearctic
217,-83.87,35.96,1272,74,14,271,0.010565111,0.015479115,0.247665848,0.378624079,0,0.18009828,0.0002457,5558,1923,142,2,10,Nearctic,Nearctic
218,-84.18,35.99,1356,80,15,281,0.01694083,0.057697029,0.129388657,0.384728701,0,0.285538915,0.000245519,5669,2027,139,2,10,Nearctic,Nearctic
219,-89.22,35.12,1377,79,19,159,0.08637379,0.000496401,0.000248201,0.019111442,0,0.819061802,0.005460412,6229,1779,154,2,10,Nearctic,Nearctic
220,13.433,55.6833,678,36,22,27,0.275921461,0.032208061,0.028935584,0.094557354,0,0.085256631,0,4004,3090,77,11,12,Palearctic,Palearctic
221,8.9772,9.8756,1317,1,100,1311,0.574702381,0.008630952,0.044642857,0,0,0.283333333,0.084821429,4387,1643,227,8,4,Afrotropical,Afrotropical
222,33.45,-10.86666667,795,1,113,1173,0.048751486,0,0,0.000891795,0,0.790725327,0.05529132,5385,1908,212,8,4,Afrotropical,Afrotropical
223,33.6616,-11.0686,768,1,111,1136,0.035311573,0.008605341,0.001186944,0.004747774,0,0.210089021,0.165578635,4532,2082,209,8,4,Afrotropical,Afrotropical
224,33.51666667,-10.9,851,1,108,1347,0.063020214,0,0,0.002378121,0,0.72235434,0.05529132,5228,1922,200,8,4,Afrotropical,Afrotropical
225,33.8,-10.58333333,1233,4,97,2344,0.004458977,0,0,0.832045184,0,0.062128419,0.10136742,5286,1837,153,8,4,Afrotropical,Afrotropical
226,33.78333333,-10.55,1233,4,97,2290,0.006242568,0,0,0.842449465,0,0.077288942,0.072235434,5352,1822,153,8,4,Afrotropical,Afrotropical
227,33.9,-10.66666667,1221,3,97,2340,0.032401902,0,0,0.763079667,0,0.079072533,0.116230678,5227,1986,152,8,4,Afrotropical,Afrotropical
228,35.88333333,-10.75,1224,1,106,938,0.002675386,0,0,0,0,0.837395957,0.079964328,5911,1852,219,8,4,Afrotropical,Afrotropical
229,33.86666667,-10.63333333,1267,4,95,2305,0.007728894,0,0,0.790428062,0,0.053804994,0.143579073,5281,1899,152,8,4,Afrotropical,Afrotropical
230,33.9797,-10.8763,1057,3,95,1068,0.074524941,0,0,0.173693587,0,0.358966746,0.043942993,5238,2013,192,8,4,Afrotropical,Afrotropical
231,33.66666667,-10.71666667,1128,3,98,1846,0.005945303,0,0,0.269322235,0,0.719381688,0.005350773,6160,1725,168,8,4,Afrotropical,Afrotropical
232,33.8,-10.56666667,1233,4,97,2344,0.007431629,0,0,0.832342449,0,0.067479191,0.09274673,5285,1824,153,8,4,Afrotropical,Afrotropical
233,33.8,-10.6,1233,4,97,2303,0.003864447,0,0,0.815992866,0,0.064209275,0.115933413,5301,1851,153,8,4,Afrotropical,Afrotropical
234,33.73333333,-10.18333333,1246,4,94,1117,0.159928656,0,0,0.022592152,0,0.603448276,0.066290131,5393,1937,201,8,4,Afrotropical,Afrotropical
235,33.73333333,-10.68333333,1128,3,98,2002,0.011593341,0,0,0.580856124,0,0.378121284,0.029429251,5758,1862,168,8,4,Afrotropical,Afrotropical
236,33.96666667,-10.73333333,1221,3,97,2212,0.113258026,0,0,0.465814507,0,0.321640904,0.076397146,5261,2178,152,8,4,Afrotropical,Afrotropical
237,33.6,-10.83333333,989,2,102,1669,0.051129608,0,0,0.00059453,0,0.850475624,0.012187872,5651,1765,189,8,4,Afrotropical,Afrotropical
238,33.58333333,-10.81666667,989,2,102,1448,0.058858502,0,0,0,0,0.833828775,0.003567182,5684,1721,189,8,4,Afrotropical,Afrotropical
239,33.56666667,-10.81666667,989,2,102,1448,0.067479191,0,0,0,0,0.801129608,0.004458977,5596,1735,189,8,4,Afrotropical,Afrotropical
240,33.63333333,-11.06666667,768,1,111,1136,0.038895487,0.008610451,0.000296912,0.006532067,0,0.326306413,0.14043943,4660,2093,209,8,4,Afrotropical,Afrotropical
241,33.51666667,-11.1,768,1,111,1187,0.051632047,0,0,0,0,0.632937685,0.210089021,5261,1998,209,8,4,Afrotropical,Afrotropical
242,33.6636,-11.2008,785,1,111,1126,0.072721876,0.008607896,0.000296824,0.000296824,0,0.063817156,0.07747106,4356,1997,208,8,4,Afrotropical,Afrotropical
243,35.3667,-14.2,1026,1,112,966,0.030258519,0,0.001762632,0,0,0.529964747,0.041715629,5323,2051,214,8,4,Afrotropical,Afrotropical
244,35.3667,-14.1833,1026,1,112,966,0.029394474,0,0.002057613,0,0,0.529394474,0.043209877,5367,2035,214,8,4,Afrotropical,Afrotropical
245,35.3167,-14,982,1,117,1388,0.040540541,0.001175088,0.003231492,0,0,0.53172738,0.048766157,5259,2070,226,8,4,Afrotropical,Afrotropical
246,35.2167,-14.6,864,3,112,417,0.078638498,0.630868545,0.000293427,0,0,0.048122066,0.012910798,736,3929,243,8,4,Afrotropical,Afrotropical
247,35.2333,-14.5,864,3,112,479,0.165590135,0.229594833,0.029066353,0,0,0.059600705,0.01879037,3640,3227,243,8,4,Afrotropical,Afrotropical
248,35.45,-14.4167,1008,2,111,926,0.015873016,0,0.000293945,0,0,0.491475603,0.024103469,5583,2006,218,8,4,Afrotropical,Afrotropical
249,35.35,-14.4,1008,2,111,852,0.072561692,0.050822562,0.007931845,0,0,0.380141011,0.020857814,4871,2668,218,8,4,Afrotropical,Afrotropical
250,35.45,-14.5833,968,3,111,845,0.014386377,0,0,0,0,0.672049325,0.014679977,5695,2025,230,8,4,Afrotropical,Afrotropical
251,35.0397,-15.8037,1145,6,98,1083,0.051513388,0.000582072,0.124854482,0,0,0.107974389,0.042491269,5099,1738,205,8,4,Afrotropical,Afrotropical
252,34.9576,-15.8802,994,6,95,865,0.021840419,0,0.015725102,0.001747234,0,0.196563774,0.018345952,5412,1740,229,8,4,Afrotropical,Afrotropical
253,35.0331,-15.9111,1250,8,90,1028,0.017186135,0,0.020390329,0,0,0.11214681,0.034080979,5384,1710,201,8,4,Afrotropical,Afrotropical
254,34.9536,-15.9111,994,6,95,865,0.014260768,0,0.000582072,0.001746217,0,0.197322468,0.015715949,5488,1751,229,8,4,Afrotropical,Afrotropical
255,34.0506,-18.4667,1783,31,85,953,0.051120046,0,0,0.000574383,0,0.815048823,0.000287191,6980,1843,192,8,4,Afrotropical,Afrotropical
256,34.0432,-18.4838,1783,31,85,953,0.039919586,0,0,0,0,0.816484779,0,6870,1822,192,8,4,Afrotropical,Afrotropical
257,34.047,-18.4391,1783,31,85,1449,0.058924978,0,0,0.005173901,0,0.83242311,0.001149756,6978,1902,192,8,4,Afrotropical,Afrotropical
258,28.9,-2.9667,1555,14,53,2490,0.272727273,0,0,0.000909091,0,0.278484848,0.001212121,5790,1954,188,7,4,Afrotropical,Afrotropical
259,28.8833,-2.9667,1555,14,53,2490,0.205819945,0,0,0.001515611,0,0.335253107,0.001818733,5749,2036,188,7,4,Afrotropical,Afrotropical
260,28.7333,-2.3167,1753,28,42,2311,0.157064888,0,0.002122498,0,0,0.463614312,0,6459,1855,157,7,4,Afrotropical,Afrotropical
261,28.812,-2.2395,1753,28,42,1747,0.268115942,0.094202899,0.002113527,0,0,0.22192029,0.000603865,6120,2193,157,7,4,Afrotropical,Afrotropical
262,20.9285,-0.1703,2079,133,18,351,0.022061046,0.020852221,0,0,0,0.407373829,0,7532,1347,253,7,4,Afrotropical,Afrotropical
263,20.8365,-0.3926,2078,131,18,345,0.177750907,0.032043531,0,0,0,0.411426844,0,7468,1402,253,7,4,Afrotropical,Afrotropical
264,13.1269,-5.6159,1125,1,80,261,0.455665765,0,0,0,0,0.453862338,0.007514277,5109,2819,250,7,4,Afrotropical,Afrotropical
265,36.335278,-0.8261,736,34,53,1885,0.078549849,0.326586103,0.000302115,0.051057402,0,0.009365559,0.450151057,3399,3343,167,8,4,Afrotropical,Afrotropical
266,36.3803,-0.0106,967,31,40,2345,0.688673531,0.009691096,0.000605694,0.003028468,0,0.229254997,0.051181102,6426,1083,138,8,4,Afrotropical,Afrotropical
267,36.3156,-0.814167,676,33,51,1916,0.087205794,0.347314424,0.0006035,0.034399517,0,0.012975256,0.429088715,3362,3525,164,8,4,Afrotropical,Afrotropical
268,36.37361,-0.0447,967,31,40,2399,0.688029021,0.024183797,0.000604595,0.003022975,0,0.214631197,0.052599758,6364,1084,138,8,4,Afrotropical,Afrotropical
269,36.283,0.48528,820,23,48,2059,0.201149425,0.000604961,0,0.003327284,0,0.461584997,0.106170599,6033,1080,182,8,4,Afrotropical,Afrotropical
270,36.4078,-0.8833,796,23,66,2109,0.041149773,0.032677761,0,0.165506808,0,0.007564297,0.726475038,4564,1860,165,8,4,Afrotropical,Afrotropical
271,36.42056,-0.7761,736,34,53,1938,0.13409846,0.268196919,0.01781939,0.150105708,0,0.044699487,0.166717004,4132,3109,167,8,4,Afrotropical,Afrotropical
272,36.41028,-0.89139,796,23,66,2109,0.031400966,0.014190821,0,0.156702899,0,0.007548309,0.769625604,4692,1616,165,8,4,Afrotropical,Afrotropical
273,36.6501,-0.7352,1237,48,56,2538,0.557302691,0.001209555,0,0,0,0.386452979,0.01330511,6874,1437,129,8,4,Afrotropical,Afrotropical
274,36.65027,-0.73528,1237,48,56,2538,0.556866304,0.001209921,0,0,0,0.386872353,0.013309135,6874,1437,129,8,4,Afrotropical,Afrotropical
275,36.487,-0.61083,799,32,44,2437,0.457616893,0,0,0.00361991,0,0.195173454,0.196983409,6424,1037,157,8,4,Afrotropical,Afrotropical
276,36.39972,-0.79694,736,34,53,1912,0.116060606,0.329090909,0.014848485,0.163636364,0,0.028181818,0.226060606,3428,3298,167,8,4,Afrotropical,Afrotropical
277,36.28278,-0.76917,676,33,51,1905,0.156476998,0.299636804,0.00090799,0.022094431,0,0.080508475,0.302966102,4086,3386,164,8,4,Afrotropical,Afrotropical
278,36.392,-0.885,796,23,66,2109,0.032970357,0.045977011,0,0.131578947,0,0.009376891,0.759830611,4597,1873,165,8,4,Afrotropical,Afrotropical
279,36.3989,-0.7067,736,34,53,1900,0.221450151,0.231722054,0.017522659,0.047129909,0,0.109969789,0.228096677,4578,3285,167,8,4,Afrotropical,Afrotropical
280,36.6417,-0.72528,1237,48,56,2538,0.594660194,0.001213592,0,0,0,0.354065534,0.016990291,6839,1391,129,8,4,Afrotropical,Afrotropical
281,36.5783,-0.82389,1237,48,56,2630,0.357897916,0,0,0.00936273,0,0.068861371,0.162790698,6134,1330,129,8,4,Afrotropical,Afrotropical
282,36.6825,-0.74972,1932,69,66,2564,0.422101449,0.001207729,0,0,0,0.541666667,0.009661836,7006,1663,130,8,4,Afrotropical,Afrotropical
283,36.3606,-0.06194,967,31,40,2399,0.71191052,0.025695284,0,0.001511487,0,0.19407497,0.051088271,6341,1125,138,8,4,Afrotropical,Afrotropical
284,36.3961,-0.0194,967,31,40,2345,0.656910078,0.01901026,0.0006035,0.003017502,0,0.242305371,0.057332529,6384,1075,138,8,4,Afrotropical,Afrotropical
285,36.4272,-0.1425,967,31,40,2342,0.704050786,0.084038694,0,0.00120919,0,0.146614268,0.04050786,6274,1231,138,8,4,Afrotropical,Afrotropical
286,36.4456,-0.07917,967,31,40,2413,0.601815431,0.067170953,0,0.002118003,0,0.223903177,0.052344932,6327,1185,138,8,4,Afrotropical,Afrotropical
287,36.3583,-0.0539,967,31,40,2399,0.710486552,0.021154427,0.000302206,0.002417649,0,0.201269266,0.049561801,6354,1119,138,8,4,Afrotropical,Afrotropical
288,36.4139,-0.0617,967,31,40,2343,0.645883777,0.04842615,0,0.001513317,0,0.2218523,0.058414044,6321,1085,138,8,4,Afrotropical,Afrotropical
289,36.25083,-0.4117,790,27,40,2156,0.353990326,0.070435308,0,0.038996372,0,0.26783555,0.206771463,5977,1696,163,8,4,Afrotropical,Afrotropical
290,36.62083,-0.689,1237,48,56,2553,0.623792271,0.000905797,0,0,0,0.308574879,0.036835749,6778,1317,129,8,4,Afrotropical,Afrotropical
291,36.64528,-0.78194,1237,48,56,2540,0.572551391,0.00120919,0,0,0,0.280834341,0.012394196,6771,1466,129,8,4,Afrotropical,Afrotropical
292,36.4092,-0.0028,967,31,40,2345,0.612854556,0.010259505,0.0006035,0.003922752,0,0.291792396,0.061858781,6385,1102,138,8,4,Afrotropical,Afrotropical
293,36.9559,0.0433,758,26,50,1787,0.020871143,0,0,0.051724138,0,0.117664852,0.789171204,5152,1229,172,8,4,Afrotropical,Afrotropical
294,36.8778,0.0061,758,26,50,1787,0.041137326,0,0,0.017241379,0,0.070477919,0.84815487,5457,1317,172,8,4,Afrotropical,Afrotropical
295,36.7851,0.0738,697,31,42,1895,0.001814333,0,0,0.017236166,0,0.025098276,0.941638948,5201,1180,168,8,4,Afrotropical,Afrotropical
296,36.8822,0.0318,758,26,50,1787,0.025083107,0,0,0.022363252,0,0.05197945,0.874282261,5362,1263,172,8,4,Afrotropical,Afrotropical
297,36.4046,0.5787,684,18,50,1908,0.079830662,0.000907167,0,0.000604778,0,0.354702147,0.331115815,6098,1100,172,8,4,Afrotropical,Afrotropical
298,36.3939,0.576,684,18,50,1908,0.088546389,0.000906618,0,0.000604412,0,0.364460562,0.297673013,6177,1073,172,8,4,Afrotropical,Afrotropical
299,36.2931,0.5017,693,22,45,1957,0.179758308,0.00060423,0,0.00060423,0,0.461329305,0.111782477,6088,1062,206,8,4,Afrotropical,Afrotropical
300,36.2848,0.504,693,22,45,1801,0.174070716,0.000604412,0,0.002115443,0,0.456331218,0.119069205,6045,1101,206,8,4,Afrotropical,Afrotropical
301,36.28472,0.504167,693,22,45,1801,0.17397882,0.000605144,0,0.002118003,0,0.455673222,0.119213313,6033,1109,206,8,4,Afrotropical,Afrotropical
302,36.67083,-0.7194,1932,69,66,2564,0.428743961,0.001207729,0,0,0,0.52807971,0.02294686,6936,1620,130,8,4,Afrotropical,Afrotropical
303,36.37139,-0.70278,736,34,53,1892,0.216354858,0.286964393,0.013277007,0.041641521,0,0.113458057,0.289680145,4349,3413,167,8,4,Afrotropical,Afrotropical
304,36.66583,-0.7433,1237,48,56,2538,0.488519637,0.001208459,0,0,0,0.461329305,0.012688822,6943,1543,129,8,4,Afrotropical,Afrotropical
305,36.284,-0.0403,1085,31,43,2481,0.751813785,0,0.000302297,0,0,0.233675937,0.00362757,6644,1223,137,8,4,Afrotropical,Afrotropical
306,36.491,-0.57361,799,32,44,2419,0.589906316,0,0,0,0,0.194318525,0.101843457,6548,933,157,8,4,Afrotropical,Afrotropical
307,36.3606,0.0619,889,30,42,2388,0.697217181,0,0.000604961,0.001512402,0,0.24137931,0.028735632,6705,1126,148,8,4,Afrotropical,Afrotropical
308,36.3802,0.0105,889,30,42,2346,0.689676052,0.000908265,0.00060551,0.003027551,0,0.243112322,0.047532546,6509,1090,148,8,4,Afrotropical,Afrotropical
309,36.3978,-0.8711,796,23,66,1989,0.049546828,0.079758308,0.000302115,0.166465257,0,0.00755287,0.66223565,4367,2213,165,8,4,Afrotropical,Afrotropical
310,36.4422,-0.8933,796,23,66,2198,0.020241692,0,0,0.208459215,0,0.006344411,0.722356495,4836,1389,165,8,4,Afrotropical,Afrotropical
311,36.42361,-0.0028,967,31,40,2365,0.579408213,0.011775362,0.000603865,0.003925121,0,0.315217391,0.064613527,6345,1102,138,8,4,Afrotropical,Afrotropical
312,30.4289,0.5061,1375,46,43,1415,0.058006042,0,0,0,0,0.887311178,0,8045,971,198,8,4,Afrotropical,Afrotropical
313,30.4277,0.5009,1375,46,43,1415,0.045055942,0,0,0,0,0.88751134,0,8038,973,198,8,4,Afrotropical,Afrotropical
314,30.4261,0.5011,1375,46,43,1415,0.043176329,0,0,0,0,0.888586957,0,8042,972,198,8,4,Afrotropical,Afrotropical
315,30.4231,0.5042,1375,46,43,1415,0.041402236,0,0,0,0,0.89453007,0,8057,967,198,8,4,Afrotropical,Afrotropical
316,30.3806,0.3587,1193,42,41,1233,0.224106602,0,0,0.00090854,0,0.443670503,0,7684,1048,210,8,4,Afrotropical,Afrotropical
317,30.1615,-0.2641,1057,32,39,1301,0.049076038,0.035746743,0,0.04453196,0,0.37443199,0,7236,1310,220,8,4,Afrotropical,Afrotropical
318,30.3667,0.35,1193,42,41,1234,0.1875,0.000303398,0,0,0,0.464805825,0,7676,1038,210,8,4,Afrotropical,Afrotropical
319,30.388,0.3595,1193,42,41,1233,0.253704264,0,0,0.001209555,0,0.442697309,0,7675,1052,210,8,4,Afrotropical,Afrotropical
320,30.1538,-0.2649,1057,32,39,1301,0.052567976,0.035951662,0.000302115,0.064048338,0,0.343202417,0,7225,1293,220,8,4,Afrotropical,Afrotropical
321,30.1524,-0.2636,1057,32,39,1301,0.053587648,0.036633364,0.00060551,0.072661217,0,0.332425068,0,7209,1297,220,8,4,Afrotropical,Afrotropical
322,36.3735,0.0445,889,30,42,2388,0.679855029,0,0.000604047,0.001510118,0,0.26064633,0.037752945,6644,1128,148,8,4,Afrotropical,Afrotropical
323,36.2509,0.4118,820,23,48,1964,0.325876663,0.000604595,0,0.003022975,0,0.397823458,0.069830713,6054,1161,182,8,4,Afrotropical,Afrotropical
324,-87.760704,41.746465,929,36,28,189,0.02338252,0.001362089,0.886492622,0.016799092,0,0.048808173,0.000227015,3090,2104,100,2,10,Nearctic,Nearctic
325,-73.25889,41.145,1162,82,8,18,0.000457771,0.437170977,0.238269627,0.032730602,0,0.191348135,0.000915541,1848,4695,106,2,10,Nearctic,Nearctic
326,-88.7804725,41.8392575,928,30,33,268,0.010896708,0,0.02292849,0.005221339,0,0.000908059,0,3483,2948,86,2,10,Nearctic,Nearctic
327,-88.54444867,40.31260067,957,43,25,227,0.001624507,0,0.000696217,0.002088652,0,0.000464145,0,3559,2823,107,2,10,Nearctic,Nearctic
328,-86.75175926,39.06638889,1123,64,20,216,0.003069658,0,0.000236128,0.132939787,0,0.858323495,0,5786,2501,117,2,10,Nearctic,Nearctic
329,-89.71083,30.4025,1547,73,17,16,0.001569859,0.009942439,0.011512297,0.070381999,0,0.035060178,0.018315018,6512,1778,193,2,10,Nearctic,Nearctic
330,-87.84833,31.13,1598,77,18,14,0,0.022857143,0,0.006233766,0,0.002597403,0.004415584,6777,1910,190,2,10,Nearctic,Nearctic
331,-85.34944,42.32667,909,40,23,257,0.0143982,0.031721035,0.031721035,0.0143982,0,0.580652418,0,4589,2949,89,2,10,Nearctic,Nearctic
332,-88.812,33.474,1412,84,21,102,0.014672401,0,0.031621553,0.506197824,0,0.056159879,0.006071338,6152,1612,167,2,10,Nearctic,Nearctic
333,-91.0374,37.12555,1147,63,17,261,0.000726392,0,0,0.027602906,0,0.963196126,0.004116223,6601,2009,130,2,10,Nearctic,Nearctic
334,-75.88861,41.24472,1019,61,18,189,0.013962005,0.021515221,0.169375143,0.017853056,0,0.688944839,0.000915541,5518,2356,87,2,10,Nearctic,Nearctic
335,-90.5625,38.52472,986,50,19,180,0.037354271,0.003093029,0.208422555,0.086366881,0,0.514632405,0.000713776,5650,2109,125,2,10,Nearctic,Nearctic
336,-75.486,39.984,1130,76,11,111,0.011178388,0.006986493,0.145551933,0.372612948,0,0.212389381,0.000931532,5824,2098,119,2,10,Nearctic,Nearctic
337,46.2426,38.89654,374,14,47,859,0.041794569,0,0.003541913,0.106965762,0,0.087367178,0.274380165,2861,1538,115,9,12,Palearctic,Palearctic
338,46.24,38.9,374,14,47,859,0.041202936,0,0.003551977,0.113663273,0,0.086668245,0.268529481,2893,1573,115,9,12,Palearctic,Palearctic
339,46.2738,39.06573,477,22,48,2336,0.023831996,0,0,0.3553563,0,0.161632846,0.043180746,3816,2576,58,9,12,Palearctic,Palearctic
340,46.27,39.07,477,22,48,2336,0.023596036,0,0,0.362435111,0,0.159745163,0.041764983,3802,2589,58,9,12,Palearctic,Palearctic
341,46.15871,39.44596,521,22,46,1697,0.165651359,0.003045923,0,0.053655108,0,0.476804124,0.088800375,3665,2215,65,9,12,Palearctic,Palearctic
342,46.229293,39.483615,545,23,45,2036,0.250234742,0.003051643,0,0.068544601,0,0.329577465,0.059389671,3824,2225,78,9,12,Palearctic,Palearctic
343,46.04,39.55,539,22,47,1784,0.255633803,0.012441315,0.003051643,0.008685446,0,0.529342723,0.031455399,3122,2118,54,9,12,Palearctic,Palearctic
344,46.04262,39.55486,539,22,47,1914,0.246954077,0.012417994,0.003045923,0.014761012,0,0.522961575,0.032567948,3105,2142,54,9,12,Palearctic,Palearctic
345,45.76,39.68,518,22,45,2140,0.11821161,0.022705993,0,0.10744382,0,0.591292135,0.003043071,2968,2822,42,9,12,Palearctic,Palearctic
346,44.305979,40.104868,289,11,41,838,0.571594607,0.00255695,0.158995816,0.0004649,0,0.025569503,0.007670851,3845,1345,124,9,12,Palearctic,Palearctic
347,44.47543,40.20616,347,18,43,1021,0.360027855,0.00185701,0.394382544,0,0,0.080083565,0,3261,1416,104,9,12,Palearctic,Palearctic
348,43.82778,40.2565,366,18,41,1126,0.400510204,0,0.009276438,0.003710575,0,0.130565863,0,2878,1108,92,9,12,Palearctic,Palearctic
349,44.79051,40.27188,459,19,46,1918,0.169180784,0,0.010443258,0.14365282,0,0.427709445,0.015084706,3018,2619,57,9,12,Palearctic,Palearctic
350,44.89584,40.27673,577,24,44,3077,0.087288724,0,0,0.578374624,0,0.219263718,0.005788377,2617,2977,7,9,12,Palearctic,Palearctic
351,44.692698,40.37033,500,20,48,1931,0.273021749,0,0.024757057,0.002082369,0,0.453031004,0.008560851,3351,2206,52,9,12,Palearctic,Palearctic
352,44.69268,40.37033,500,20,48,1931,0.273084934,0,0.024762786,0.002082851,0,0.45290442,0.008562833,3351,2206,52,9,12,Palearctic,Palearctic
353,44.38047,40.40596,469,19,48,1691,0.266898148,0,0.03587963,0.010648148,0,0.498842593,0.005092593,3623,2416,61,9,12,Palearctic,Palearctic
354,44.25,40.41,533,22,46,2173,0.202132592,0,0.013676402,0.197032916,0,0.474965229,0.007185906,2913,2649,33,9,12,Palearctic,Palearctic
355,44.245621,40.41003,533,22,46,2234,0.195516524,0,0.012248671,0.20660966,0,0.474693783,0.007164317,2895,2650,33,9,12,Palearctic,Palearctic
356,44.198076,40.453064,533,22,46,2901,0.097707803,0,0,0.445241954,0,0.23940727,0.006251447,2141,2750,33,9,12,Palearctic,Palearctic
357,44.192845,40.47118,533,22,46,3263,0.086836028,0,0,0.539491917,0,0.146882217,0.006928406,1968,2719,33,9,12,Palearctic,Palearctic
358,45.047254,40.507751,554,20,47,1898,0.025878004,0.567698706,0.010628466,0.013632163,0,0.293207024,0.000924214,957,3666,51,9,12,Palearctic,Palearctic
359,44.69153,40.57033,547,20,49,1968,0.177177177,0.002772003,0.035805036,0.091476091,0,0.583044583,0,3877,2937,45,9,12,Palearctic,Palearctic
360,44.56989,40.58643,565,22,47,2158,0.176715177,0,0.005313005,0.186879187,0,0.524370524,0,3692,3070,34,9,12,Palearctic,Palearctic
361,44.57,40.59,565,22,47,2158,0.175317186,0,0.005074971,0.194925029,0,0.517185698,0,3665,3071,34,9,12,Palearctic,Palearctic
362,44.591861,40.60768,565,22,47,1962,0.172318339,0,0.005767013,0.246597463,0,0.474048443,0,3617,3088,34,9,12,Palearctic,Palearctic
363,44.47,40.62,547,21,49,2361,0.152319409,0,0.006000462,0.251557812,0,0.465035772,0,3364,2961,40,9,12,Palearctic,Palearctic
364,44.46608,40.62214,547,21,49,2361,0.151641239,0,0.006934813,0.253814147,0,0.457004161,0,3352,2960,40,9,12,Palearctic,Palearctic
365,44.93563167,40.63188667,548,20,49,2200,0.13952952,0.107933579,0.01452952,0.031134686,0,0.619234317,0.001845018,3813,3055,47,9,12,Palearctic,Palearctic
366,45.059,40.902,572,19,50,1510,0.261368856,0.000459348,0.00413413,0.05351401,0,0.61713367,0,5131,2460,83,9,12,Palearctic,Palearctic
367,44.482582,40.938238,609,21,52,1540,0.312657937,0,0.007810705,0.137835975,0,0.491385252,0.001148633,4767,2422,54,9,12,Palearctic,Palearctic
368,44.48258167,40.9382383,609,21,52,1540,0.312657937,0,0.007810705,0.137835975,0,0.491385252,0.001148633,4767,2422,54,9,12,Palearctic,Palearctic
369,43.71294,40.95937,559,22,48,2139,0.252527574,0,0.001148897,0.022748162,0,0.56640625,0.015854779,3371,2801,42,9,12,Palearctic,Palearctic
370,45.12601,40.97278,572,19,50,865,0.309917355,0.0043618,0.001147842,0.019972452,0,0.53328742,0,5251,2142,83,9,12,Palearctic,Palearctic
371,44.92008,41.12636,610,19,51,1110,0.153019213,0,0.010750229,0.008462946,0,0.737191217,0,5686,2123,82,9,12,Palearctic,Palearctic
372,46.67846,39.014288,371,13,38,378,0.239433294,0,0.000708383,0.109090909,0,0.363872491,0.111452184,4138,1602,139,9,12,Palearctic,Palearctic
373,46.51802833,40.0431867,555,18,51,1243,0.137354988,0,0,0.013225058,0,0.746403712,0,5571,2340,103,9,12,Palearctic,Palearctic
374,46.2315433,40.05055,599,21,48,1590,0.090760996,0,0,0.113800326,0,0.484291366,0.002094485,4554,2560,73,9,12,Palearctic,Palearctic
375,-9.599705,30.43269,252,0,82,107,0.239989532,0.280031405,0.15598011,0,0,0.012823868,0.025124313,918,2897,183,9,9,Saharo-Arabian,Saharo-Arabian
376,-7.26,30.53,351,1,66,1464,0.027915471,0,0.000260892,0,0,0,0,1155,304,163,9,9,Saharo-Arabian,Saharo-Arabian
377,-8.44,30.76,329,1,62,843,0.173051863,0,0.000521241,0,0,0.025280167,0.139171228,2884,1029,169,9,9,Saharo-Arabian,Saharo-Arabian
378,-8.4,30.83,329,1,62,1194,0.048177083,0,0,0,0,0.069270833,0.352604167,2928,931,169,9,9,Saharo-Arabian,Saharo-Arabian
379,-8.27,30.93,518,4,56,1569,0.045063819,0,0,0,0,0.122427716,0.34201615,2641,1059,121,9,9,Saharo-Arabian,Saharo-Arabian
380,-7.38,31.47,524,3,57,1320,0.099870634,0,0,0,0,0.264424321,0.086934023,3539,1497,134,9,9,Saharo-Arabian,Saharo-Arabian
381,-6.97,31.72,479,2,63,1061,0.338068182,0,0,0,0,0.392561983,0.111311983,3652,1105,164,9,9,Saharo-Arabian,Saharo-Arabian
382,-5.47,32.94,671,7,55,1532,0.229808917,0.001019108,0,0,0,0.211974522,0.003821656,4859,1647,129,9,9,Saharo-Arabian,Saharo-Arabian
383,-5.34,33.27,749,6,57,1507,0.305583756,0,0,0,0,0.185025381,0.03248731,4355,1605,139,9,9,Saharo-Arabian,Saharo-Arabian
384,-5.26,33.28,806,9,53,1833,0.199593702,0,0,0,0,0.222701879,0.029710513,4672,1553,106,9,9,Saharo-Arabian,Saharo-Arabian
385,-5.22,33.32,806,9,53,1835,0.189340102,0,0,0,0,0.305076142,0.063705584,4523,1526,106,9,9,Saharo-Arabian,Saharo-Arabian
386,-5.23,33.32,806,9,53,1835,0.196192893,0,0,0,0,0.284771574,0.06142132,4548,1549,106,9,9,Saharo-Arabian,Saharo-Arabian
387,-5.21,33.4,801,7,56,1694,0.241186914,0,0.004818666,0,0,0.199340604,0.037534872,4646,1568,131,9,9,Saharo-Arabian,Saharo-Arabian
388,-5.05,33.66,773,8,53,1523,0.250756811,0,0.001261352,0,0,0.12815338,0.045660949,4793,1307,117,9,9,Saharo-Arabian,Saharo-Arabian
389,-4.824829,33.815666,437,5,48,890,0.248802622,0,0.017393496,0,0,0.211494832,0.154020671,3632,1178,143,9,9,Saharo-Arabian,Saharo-Arabian
390,-5.554333,33.895782,565,2,65,503,0.419419924,0,0.144514502,0,0,0.123581337,0.002522068,4030,1736,177,9,9,Saharo-Arabian,Saharo-Arabian
391,-5.3,35.12,992,1,79,534,0.151718984,0,0.004733433,0,0,0.461883408,0.000498256,5481,1386,155,9,9,Saharo-Arabian,Saharo-Arabian
392,-5.26,35.14,992,1,79,576,0.130919911,0,0.004711133,0,0,0.41755517,0.000743863,5531,1382,155,9,9,Saharo-Arabian,Saharo-Arabian
393,-8.060939,37.512061,569,2,64,289,0.411311673,0,0.001684717,0,0,0.420216606,0.001203369,4395,1593,161,9,12,Palearctic,Palearctic
394,-7.86,40.09,1163,11,56,686,0.004873521,0.005569738,0.000464145,0,0,0.016709213,0.000464145,6061,1029,136,9,12,Palearctic,Palearctic
395,-8.81,40.14,891,9,54,27,0.304962894,0.164888683,0.060064935,0.000463822,0,0.170454545,0.000927644,3819,3732,156,9,12,Palearctic,Palearctic
396,-7.82,40.19,1231,12,56,1030,0.000928936,0.001393405,0.00116117,0,0,0.009986066,0.000464468,6100,1035,129,9,12,Palearctic,Palearctic
397,-8.422798,40.205526,983,10,53,94,0.309767442,0.004186047,0.083953488,0,0,0.261395349,0,5956,1405,156,9,12,Palearctic,Palearctic
398,-7.91,40.21,1158,11,55,761,0.010660487,0,0.000695249,0,0,0.095017381,0,6397,1032,138,9,12,Palearctic,Palearctic
399,-8.45,40.22,983,10,53,44,0.367053364,0.004176334,0.087006961,0,0,0.247563805,0,5800,1412,156,9,12,Palearctic,Palearctic
400,-8.47,40.3,983,10,53,87,0.312282331,0.00023218,0.046203854,0,0,0.261899234,0,5808,1317,156,9,12,Palearctic,Palearctic
401,-8.403912,40.315209,983,10,53,125,0.196436835,0,0.037482647,0,0,0.296159186,0,6174,1303,156,9,12,Palearctic,Palearctic
402,-8.5,40.36,1020,11,52,85,0.28687384,0,0.032003711,0,0,0.248376623,0,5718,1182,152,9,12,Palearctic,Palearctic
403,-8.36,40.37,1020,11,52,348,0.125608343,0,0.017844728,0,0,0.259096176,0,6375,1151,152,9,12,Palearctic,Palearctic
404,-8.656032,40.643765,1020,11,52,10,0.211813567,0.239270881,0.20212275,0.001615136,0,0.102907245,0,2852,3832,150,9,12,Palearctic,Palearctic
405,-8.58,40.73,1058,12,52,20,0.259165322,0.084620706,0.132118976,0.001152871,0,0.145261702,0.000922297,4520,3170,148,9,12,Palearctic,Palearctic
406,-6.895203,40.8501,810,10,51,643,0.22767035,0.003913444,0.002071823,0.028314917,0,0.248618785,0.092311234,4731,1231,132,9,12,Palearctic,Palearctic
407,-7.078984,40.944112,857,10,52,519,0.06097561,0,0,0,0,0.098711459,0.045559135,4347,1044,136,9,12,Palearctic,Palearctic
408,-8.56,41.1,1164,15,51,80,0.093017915,0.064997703,0.519751952,0,0,0.110473128,0,4350,2504,144,9,12,Palearctic,Palearctic
409,-8.55,41.11,1164,15,51,80,0.084552102,0.039076782,0.524223035,0,0,0.104433272,0,4656,1973,144,9,12,Palearctic,Palearctic
410,-8.73,41.31,1217,15,51,27,0.222450376,0.436915355,0.161761351,0,0,0.09057723,0,1597,4490,144,9,12,Palearctic,Palearctic
411,-6.933756,41.316249,752,10,50,399,0.115147361,0.001142335,0.000685401,0,0,0.27827279,0.027416038,4855,1092,135,9,12,Palearctic,Palearctic
412,-6.919147,41.317144,752,10,50,399,0.123685414,0.000457247,0.000685871,0,0,0.286694102,0.024234111,4892,1084,135,9,12,Palearctic,Palearctic
413,-8.73,41.32,1217,15,51,27,0.234018265,0.418721461,0.153196347,0,0,0.100228311,0,1719,4516,144,9,12,Palearctic,Palearctic
414,-8.73,41.34,1239,15,52,22,0.255702555,0.383667883,0.146213504,0,0,0.111313869,0,2079,4544,144,9,12,Palearctic,Palearctic
415,-6.59134,41.454575,654,11,45,588,0.159608379,0,0,0,0,0.224499089,0.262295082,4748,1108,123,9,12,Palearctic,Palearctic
416,-7.750333,41.791639,1323,23,50,883,0.069482289,0.055404178,0.002270663,0.078792007,0,0.263851045,0.00181653,5388,1560,107,9,12,Palearctic,Palearctic
417,-7.784454,41.816165,1323,23,50,981,0.066561014,0.055920308,0.00226398,0.093728775,0,0.369707947,0.001811184,5524,1672,107,9,12,Palearctic,Palearctic
418,-8.86,41.86,1387,22,51,126,0.079900407,0.454956994,0.027387958,0.026708918,0,0.153463105,0.000226347,1920,4847,139,9,12,Palearctic,Palearctic
419,40.19,43.5,1159,70,14,1379,0.022079929,0,0,0.068226982,0,0.820710974,0.001766394,5912,3038,73,9,12,Palearctic,Palearctic
420,40.35,43.7,990,50,29,1404,0.001320423,0,0.001980634,0.105413732,0,0.585607394,0.120378521,4102,3610,30,9,12,Palearctic,Palearctic
421,40.72,43.82,962,45,33,2379,0.005049396,0,0,0.219538968,0,0.427222832,0.088913282,4542,3286,27,9,12,Palearctic,Palearctic
422,40.79,43.9,961,46,27,1635,0.004397537,0,0,0.062005277,0,0.829595427,0.008795075,5550,2803,63,9,12,Palearctic,Palearctic
423,40.78,43.9,961,46,27,1635,0.005042754,0,0,0.064240298,0,0.820872616,0.010962508,5519,2823,63,9,12,Palearctic,Palearctic
424,40.78444444,43.93694444,961,46,27,1610,0,0,0,0.009196409,0,0.947011167,0.000875848,5899,2647,63,9,12,Palearctic,Palearctic
425,39.48033333,43.93766667,1252,86,18,472,0.004596192,0,0,0.001313198,0,0.985554826,0,5855,3419,118,9,12,Palearctic,Palearctic
426,39.48027778,43.93777778,1252,86,18,472,0.004599212,0,0,0.00131406,0,0.985545335,0,5855,3419,118,9,12,Palearctic,Palearctic
427,40.81,43.98,961,46,27,1163,0.009200438,0.000438116,0,0.008324206,0,0.96516977,0.000876232,6204,2400,63,9,12,Palearctic,Palearctic
428,39.66,44.01,1078,73,12,1078,0.000437637,0,0,0.006345733,0,0.985557987,0,6408,2614,86,9,12,Palearctic,Palearctic
429,40.85,44.03,908,43,25,869,0.102054196,0.001092657,0.000874126,0.047202797,0,0.836538462,0,6281,2248,91,9,12,Palearctic,Palearctic
430,40.85,44.03333333,908,43,25,869,0.106830123,0.001094571,0.001313485,0.049474606,0,0.828152364,0,6282,2242,91,9,12,Palearctic,Palearctic
431,40.88,44.04,908,43,25,819,0.105332168,0,0.000218531,0.054632867,0,0.828671329,0,6293,2240,91,9,12,Palearctic,Palearctic
432,40.85466667,44.04166667,908,43,25,701,0.117659947,0.00109553,0.003724803,0.052366345,0,0.812226117,0,6279,2228,91,9,12,Palearctic,Palearctic
433,40.85472222,44.04166667,908,43,25,701,0.117634173,0.00109529,0.003723987,0.052354874,0,0.812267251,0,6279,2228,91,9,12,Palearctic,Palearctic
434,40.74,44.05,933,46,23,795,0.062966213,0.001096972,0.003510312,0.013383063,0,0.91070645,0.000877578,6428,2202,90,9,12,Palearctic,Palearctic
435,40.73,44.06,933,46,23,795,0.064861323,0.001091941,0.003930989,0.015723957,0,0.906966587,0.000218388,6424,2187,90,9,12,Palearctic,Palearctic
436,40,44.08,1007,57,18,1691,0.000436872,0,0,0.299257318,0,0.678025339,0.000436872,5194,3191,76,9,12,Palearctic,Palearctic
437,39.9,44.12,986,55,22,1635,0.00109218,0,0,0.235910878,0,0.733944954,0.000436872,5782,2959,49,9,12,Palearctic,Palearctic
438,41.09,44.12,882,40,30,828,0.120768727,0,0.000218388,0.070102642,0,0.798645993,0.00131033,6039,2385,81,9,12,Palearctic,Palearctic
439,39.9,44.18,1000,60,14,1007,0.004797209,0,0,0.039031836,0,0.945922372,0.000218055,6433,2484,101,9,12,Palearctic,Palearctic
440,39.9,44.19,1000,60,14,1007,0.004795118,0,0,0.034219704,0,0.954010462,0.00021796,6484,2443,101,9,12,Palearctic,Palearctic
441,40.0795,44.19633333,969,54,17,1129,0.01372549,0,0,0.022875817,0,0.960566449,0,6387,2264,92,9,12,Palearctic,Palearctic
442,40.07944444,44.19638889,969,54,17,1129,0.013728481,0,0,0.022880802,0,0.960557856,0,6387,2264,92,9,12,Palearctic,Palearctic
443,40.08,44.2,969,54,17,1129,0.014189042,0,0,0.023139053,0,0.959834097,0,6393,2257,92,9,12,Palearctic,Palearctic
444,38.481223,44.365552,945,61,24,94,0.013481192,0.476190476,0.008262666,0.046531855,0,0.42074364,0.005001087,1520,4846,119,9,12,Palearctic,Palearctic
445,38.47,44.37,945,61,24,94,0.015016322,0.458541893,0.008269859,0.045266594,0,0.438302503,0.005440696,1665,4863,119,9,12,Palearctic,Palearctic
446,38.4,44.44,945,61,24,203,0.018237082,0.102692141,0.000217108,0.057967868,0,0.792227529,0.004125054,4551,4096,119,9,12,Palearctic,Palearctic
447,38.82,44.7,847,58,19,113,0.088228918,0,0.001734229,0.01799263,0,0.872534143,0,6034,2581,117,9,12,Palearctic,Palearctic
448,37.45,44.72,641,43,25,191,0.031845754,0.525129983,0.002166378,0.034012132,0,0.349003466,0,1144,4693,112,9,12,Palearctic,Palearctic
449,36.9955,45.07716667,488,31,20,1,0.075881341,0.901977644,0.002149613,0.008383491,0,0,0,-2608,1698,115,9,12,Palearctic,Palearctic
450,36.99555556,45.07722222,488,31,20,1,0.076079948,0.901783795,0.002149151,0.008381689,0,0,0,-2608,1698,115,9,12,Palearctic,Palearctic
451,37,45.08,505,32,21,1,0.076493339,0.900515685,0.002578427,0.008165019,0,0,0,-2612,1690,117,9,12,Palearctic,Palearctic
452,91.77,51.89,528,14,59,1901,0.006210011,0,0,0.004516372,0,0.601430184,0.015995484,3200,3085,-51,11,12,Palearctic,Palearctic
453,143.29,52.54,688,31,37,2,0,0.595586872,0.00333766,0,0,0.052475431,0,-626,3336,-5,11,12,Palearctic,Palearctic
454,143.3,52.61,688,31,37,2,0,0.536440991,0,0,0,0.071957085,0,-285,3510,-5,11,12,Palearctic,Palearctic
455,156.422516,52.810028,720,26,47,9,0.062845558,0.017323996,0.002764467,0.010504976,0,0.142093623,0.486361961,1969,3723,0,11,12,Palearctic,Palearctic
456,77.8165,53.6436,303,11,47,108,0.849213524,0.058578919,0.000361598,0.037606219,0,0.017175918,0,2286,2240,14,11,12,Palearctic,Palearctic
457,166.182547,54.979732,735,38,27,55,0.00017507,0.482317927,0,0.368522409,0,0.00052521,0.044817927,-1590,2749,17,11,12,Palearctic,Palearctic
458,134.841328,55.162397,760,17,66,394,0.002610966,0,0,0,0,0.864403829,0.036553525,396,2115,-66,11,12,Palearctic,Palearctic
459,135.099506,55.17926,757,18,64,947,0.001043841,0,0,0.000521921,0,0.777835769,0.08855254,109,1988,-70,11,12,Palearctic,Palearctic
460,37.11,55.28,665,32,31,228,0.161105318,0.003823427,0.010948905,0.027111575,0,0.624087591,0,4670,3105,47,11,12,Palearctic,Palearctic
461,117.57,56.78,530,7,89,2072,0.000835841,0.003176195,0,0.022066199,0.00551655,0.170511535,0.237880308,753,2696,-135,11,12,Palearctic,Palearctic
462,59.55,60.79,633,22,44,465,0.001488538,0,0,0.004763322,0,0.156594224,0.003274784,2876,2620,-23,11,12,Palearctic,Palearctic
463,63.06,66.45,471,21,37,187,0,0.001833069,0,0.023707687,0,0.016742026,0.643529268,-931,1622,-61,6,12,Palearctic,Palearctic
464,65.04,67.32,450,19,42,245,0,0.001180359,0,0.002360718,0,0.013692162,0.327431539,401,3117,-79,6,12,Palearctic,Palearctic
465,64.69,67.39,419,18,41,228,0,0.015986834,0,0.001175503,0,0.054190667,0.618196779,1027,3460,-70,6,12,Palearctic,Palearctic
466,67.95,67.68,373,16,42,132,0,0.116252034,0,0.078121367,0,0.001627528,0.245291793,986,3480,-76,6,12,Palearctic,Palearctic
467,64.67,67.78,406,18,41,237,0,0.000231455,0,0,0,0.044555028,0.777340586,985,3483,-74,6,12,Palearctic,Palearctic
468,91.14,69.72,483,19,42,665,0,0.007960093,0,0.043833581,0,0.047654426,0.105497771,-1807,1279,-139,11,12,Palearctic,Palearctic
469,78.73,71.41,361,17,34,19,0,0.264573991,0,0.378826282,0,0,0.033534802,453,3085,-107,6,12,Palearctic,Palearctic
470,142.66,74.91,101,2,78,1,0,0.164290834,0,0,0,0,0,-1040,2016,-152,6,12,Palearctic,Palearctic
471,31.35,40.46,590,22,34,1202,0.052131603,0,0,0.008804449,0,0.067191844,0.006719184,4866,1749,93,9,12,Palearctic,Palearctic
472,30.43,36.33,929,3,97,253,0.06090998,0.256604697,0.015166341,0,0,0.119863014,0.005626223,2454,4110,178,9,12,Palearctic,Palearctic
473,30.27,36.58,744,9,77,433,0.14076604,0,0.000243962,0,0,0.085630642,0.000243962,4637,1976,127,9,12,Palearctic,Palearctic
474,72.18,36.91,399,10,59,2873,0.008246423,0.007033713,0.00266796,0.883579918,0.001455251,0.024981809,0,237,1138,12,13,9,Saharo-Arabian,Saharo-Arabian
475,72.18,36.92,399,10,59,3299,0.008256435,0.00728509,0.002428363,0.876881982,0.008013599,0.025254978,0,609,1242,12,13,9,Saharo-Arabian,Saharo-Arabian
476,35.22,37.47,745,8,60,834,0.110682421,0,0,0.006269592,0,0.151917048,0.008680974,4844,1224,149,9,12,Palearctic,Palearctic
477,26.25,39.04,644,5,80,155,0.040999057,0.276390198,0.001413761,0.031809614,0,0.058671065,0.055843544,2845,4247,160,9,12,Palearctic,Palearctic
478,26.33,39.08,644,5,80,495,0.016026396,0.011077068,0.000707047,0.008248881,0,0.080131982,0.044308272,5467,2493,160,9,12,Palearctic,Palearctic
479,26.34,39.08,676,5,80,657,0.015813075,0.009204626,0.000708048,0.007080481,0,0.081897569,0.043898985,5562,2377,155,9,12,Palearctic,Palearctic
480,26.27,39.12,644,5,80,307,0.043355325,0.244580584,0.001649387,0.033694628,0,0.025447691,0.034637135,3955,3752,160,9,12,Palearctic,Palearctic
481,26.84,39.66,710,10,68,935,0.001404494,0.005617978,0.00585206,0,0,0.242509363,0,6379,1904,148,9,12,Palearctic,Palearctic
482,20.82,43.28,887,59,14,1677,0.084163898,0,0.000442968,0.026799557,0,0.634330011,0,5199,2785,76,9,12,Palearctic,Palearctic
483,19.98,44.1,864,55,19,918,0.291175186,0,0,0.082787243,0,0.387723897,0,5587,2689,91,11,12,Palearctic,Palearctic
484,20.01118889,44.12791389,850,53,20,732,0.339157021,0,0,0.077746233,0,0.367329111,0,5582,2638,90,11,12,Palearctic,Palearctic
485,168.2704,-16.7411,2452,103,34,344,0,0.273412583,0,0,0,0.719918817,0,4641,4805,238,17,6,Oceanina,Oceanian
486,167.5161,-16.3032,2106,78,42,569,0,0,0,0,0,1,0,7483,2998,240,17,6,Oceanina,Oceanian
487,168.1564,-16.2478,2501,102,35,718,0.016569767,0.066860465,0,0.000581395,0,0.79127907,0,4639,3923,228,17,6,Oceanina,Oceanian
488,166.9182,-15.3004,2958,139,30,251,0.075890251,0,0,0,0,0.924109749,0,7636,2383,245,17,6,Oceanina,Oceanian
489,167.5161,-14.281,3764,189,23,439,0.010856808,0.145833333,0.001173709,0,0,0.830692488,0,2932,4837,246,17,6,Oceanina,Oceanian
490,167.4472,-13.8443,4115,220,21,408,0.004707267,0.226831421,0,0,0,0.762871433,0,3186,5199,246,17,6,Oceanina,Oceanian
491,169.8073,-20.2005,2221,108,36,433,0.033787621,0.498580352,0,0,0,0.384156729,0,811,5033,219,19,3,Australian,Oceanian
492,169.3578,-19.5155,1536,53,49,486,0.006,0.132857143,0.001428571,0,0,0.836285714,0,6234,3975,220,17,6,Oceanina,Oceanian
493,169.1549,-18.8228,1717,61,48,265,0.000573394,0.062213303,0,0,0,0.935493119,0,7506,2434,226,17,6,Oceanina,Oceanian
494,168.4297,-17.6577,2400,109,43,284,0.025382175,0.0204788,0,0,0,0.953273724,0,6932,2884,234,17,6,Oceanina,Oceanian
495,153.1431,-28.1735,1550,45,43,589,0,0,0,0,0,0.820636194,0.177225341,7580,1681,172,16,3,Australian,Australian
496,153,-27.5,1192,35,40,25,0,0.01972973,0.758108108,0,0,0.152162162,0.065675676,5676,1940,201,16,3,Australian,Australian
497,153.1431,-27.1735,1283,34,43,NA,0,0.884159483,0.079202586,0,0,0.014008621,0.009159483,-1294,3567,202,NA,NA,NA,Australian
498,151.2489,-23.8426,904,24,56,10,0.024349751,0.363862756,0.101826231,0.000553403,0,0.135030437,0.191754289,1437,4078,225,16,3,Australian,Australian
499,151.9148,-23.4423,NA,NA,NA,NA,0,0.999444599,0,0,0,0,0,-3000,0,NA,NA,NA,NA,Australian
500,140.7392,-27.7076,177,6,44,61,0,0,0,0,0,0,0,2672,1050,219,16,3,Australian,Australian
501,145.4761,-17.2668,1492,27,82,790,0.168883748,0,0.025448236,0,0,0.554945055,0.246674378,6247,2022,204,16,3,Australian,Australian
502,145.4185,-16.2203,2058,27,92,92,0.013372093,0.249709302,0.017151163,0,0,0.569476744,0.00377907,4046,4766,250,16,3,Australian,Australian
503,122.2443,-17.9512,596,1,129,15,0.002300173,0.483036228,0.034502588,0,0,0.005750431,0.386428982,-612,3261,268,NA,NA,NA,Australian
504,142.4845,-38.1828,817,31,30,92,0.019350215,0.000477783,0,0.278786431,0,0.006688963,0.011705686,6344,1722,135,16,3,Australian,Australian
505,144,-35.5,396,21,20,80,0.569067588,0,0,0.003946719,0,0.178095708,0.217069561,4934,1578,161,16,3,Australian,Australian
506,150.54,-34.23,1056,47,28,382,0.00075339,0,0.02862883,0,0,0.70592667,0.262682069,7114,854,152,16,3,Australian,Australian
507,115.6906,-32.3057,821,7,84,6,0.017440369,0.740189792,0.155680944,0,0,0.034367787,0.015388561,-796,3249,184,NA,NA,NA,Australian
508,143.9371,-39.8753,1010,35,39,62,0.141756189,0.076833255,0.001401214,0.346567025,0,0.195002335,0.022652966,3982,5019,132,16,3,Australian,Australian
509,105.6904,-10.4475,1899,24,59,191,0.076923077,0.742098986,0,0,0,0.173822302,0,-843,4044,255,17,7,Oriental,Oriental
510,-159.7777,-21.2367,2334,121,28,178,0.056715576,0.781320542,0,0,0,0.159988713,0,-1276,3763,237,19,6,Oceanina,Oceanian
511,178.065,-17.7134,2932,138,33,695,0.019047619,0.00952381,0,0,0,0.939105339,0,7657,2132,223,19,6,Oceanina,Oceanian
512,101.6869,3.139,2428,130,26,54,0.043124246,0.006031363,0.867008444,0,0,0.048552473,0,3529,1480,268,14,7,Oriental,Oriental
513,168.734,-3.3704,NA,NA,NA,NA,0,1,0,0,0,0,0,-3000,0,NA,NA,NA,NA,Oceanian
514,166.7515,-22.168181,1857,84,34,320,0.022203485,0.094997189,0,0,0,0.50871276,0.308881394,5750,2823,219,19,3,Australian,Oceanian
515,166.3313,-22.07786,1066,48,37,248,0.157939189,0.019144144,0.001407658,0,0,0.658220721,0.026182432,6333,1697,224,19,3,Australian,Oceanian
516,166.33132,-22.066667,1066,48,37,248,0.146719234,0.00675866,0.001408054,0,0,0.689946494,0.025908195,6379,1602,224,19,3,Australian,Oceanian
517,165.85473,-21.756033,1317,57,43,76,0.262018555,0.03204948,0.000562272,0,0,0.39921282,0.001124543,6567,1582,221,17,6,Oceanina,Oceanian
518,165.81795,-21.61865,1433,64,43,455,0.085304054,0,0,0,0,0.837274775,0,7709,1862,211,17,6,Oceanina,Oceanian
519,167.12354,-20.788467,1573,62,39,33,0.002266289,0.511331445,0,0,0,0.468838527,0,2490,5631,228,NA,NA,NA,Oceanian
520,167.0607,-20.7677,1573,62,39,59,0.001983565,0.759705299,0,0,0,0.222442618,0,-552,4639,228,NA,NA,NA,Oceanian
521,167.39778,-21.138889,1812,74,38,73,0.001978519,0.538722442,0.000282646,0,0,0.439796495,0,2664,5636,227,17,3,Australian,Oceanian
522,167.25222,-20.89889,1691,67,39,52,0.00311174,0.24950495,0,0,0,0.733804809,0,4565,5332,227,17,3,Australian,Oceanian
523,167.89337,-21.5858,2064,90,35,56,0,0.525500141,0,0,0,0.444350521,0,868,5262,225,NA,NA,NA,Oceanian
524,167.989,-21.494,2024,88,36,59,0.091549296,0.154366197,0,0,0,0.742816901,0,6237,3885,226,17,3,Australian,Oceanian
525,166.57115,-20.6063,1303,60,38,16,0.006227003,0.798754599,0,0,0,0.169544297,0,-1443,3812,231,17,3,Australian,Oceanian
526,166.63368,-20.440883,1351,61,39,26,0.00368899,0.820374574,0,0,0,0.131101022,0,-1475,3697,232,17,3,Australian,Oceanian
527,166.1329,-50.7715,1543,110,9,257,0.013092029,0.40219484,0,0.287061995,0,0.061802079,0.107624182,-162,4030,64,5,2,Neotropical,Australian
528,172.8667,-41.9,1812,96,15,1559,0.003628941,0.02449535,0,0.146972103,0,0.459968247,0.188931731,5477,3243,59,18,3,Australian,Australian
529,174.7762,-41.2865,1242,60,22,98,0.016457143,0.355428571,0.135314286,0.129371429,0,0.059657143,0.106057143,3139,5081,125,18,3,Australian,Australian
530,175.6082,-40.3523,1189,71,16,33,0.007414272,0,0.134383689,0.818350324,0,0.011353105,0,7144,1396,129,18,3,Australian,Australian
531,172.6333,-41.8667,1917,103,15,565,0.001588382,0.078965283,0,0.038121171,0,0.808486499,0.01316088,6647,3018,83,18,3,Australian,Australian
532,174.9141,-40.8519,1220,62,17,212,0.000919329,0.885313721,0.039990807,0.013560101,0,0.017007584,0.029188692,582,5035,129,NA,NA,NA,Australian
533,175.5802,-39.2727,3408,180,19,2311,0,0,0,0.068924959,0.017878146,0.132439426,0.223006351,4157,3282,62,18,3,Australian,Australian
534,178.0176,-38.6623,1290,68,26,51,0.015869256,0.342728565,0.063950734,0.314306016,0,0.033870204,0.017764093,2578,4845,135,18,3,Australian,Australian
535,176.2666,-38.0781,1745,118,13,286,0.004067959,0.268245992,0.089016511,0.488872936,0,0.072266092,0.006939459,5804,3719,125,18,3,Australian,Australian
536,175.2793,-37.787,1272,80,15,40,0.011530147,0.002402114,0.187845304,0.791016094,0,0,0,6904,1510,141,18,3,Australian,Australian
537,174.7633,-36.8485,1253,72,18,37,0,0.341262136,0.56092233,0.034708738,0,0.004126214,0.016019417,3422,3794,152,18,3,Australian,Australian
538,174.8894,-36.6012,1137,76,18,15,0,0.958516349,0.009272816,0.017325525,0,0.003904344,0.005612494,-1927,3029,154,NA,NA,NA,Australian
539,174.7597,-36.3809,1470,97,21,37,0.010757946,0.406601467,0.015892421,0.341320293,0,0.048899756,0.033007335,3043,5095,153,NA,NA,NA,Australian
540,175.0753,-36.1946,1846,114,22,256,0,0.903850871,0,0,0,0.086337994,0.009811136,-2190,2808,143,NA,NA,NA,Australian
541,174.3237,-35.7251,1568,99,20,53,0.007171118,0.088773492,0.074431256,0.463402572,0,0.114243323,0.042532146,5797,3248,151,18,3,Australian,Australian
542,174.7356,-35.4719,1688,99,23,2,0,0.993067591,0,0,0,0.002228274,0.004704135,-3000,0,159,NA,NA,NA,Australian
543,176.1038,-38.6195,1391,93,13,433,0.009041161,0.016892696,0.035926719,0.73066857,0,0.099928622,0.014989293,6987,1456,116,18,3,Australian,Australian
544,169.1539,-46.49,1332,86,13,253,0.002098196,0,0,0.369911876,0,0.574276123,0.001678556,8005,1990,91,18,3,Australian,Australian
545,169.3903,-45.888,913,61,12,691,0.005500317,0,0,0.421408927,0,0.352866512,0.035963613,7765,1136,87,18,3,Australian,Australian
546,170.5028,-45.8788,871,58,10,24,0.004027984,0.311002756,0.117871529,0.240195039,0,0.088615646,0.052151791,3153,5038,103,18,3,Australian,Australian
547,172.6362,-43.5321,650,40,18,9,0.018755516,0.07744925,0.460944395,0.314210062,0,0.035966461,0.005736981,2908,3826,116,18,3,Australian,Australian
548,173.6814,-42.4008,947,61,20,14,0.003819366,0.592675803,0.006740058,0.266456976,0,0.032127612,0.020444844,1802,5119,126,NA,NA,NA,Australian
549,170.4771,-44.0047,660,39,10,731,0.001531394,0.131043535,0.000875082,0.568584555,0,0.002406476,0.01268869,3774,2378,90,18,3,Australian,Australian
550,122.8987,9.7151,2239,47,53,156,0.187183308,0,0,0,0,0.000894188,0,6042,1759,264,14,7,Oriental,Oriental
551,122.5373,11.3209,2433,66,41,65,0.807532622,0,0,0,0,0.049822064,0,6495,2066,271,14,7,Oriental,Oriental
552,123.3492,11.6236,2354,58,40,11,0.009464655,0.973084886,0,0,0,0.012718131,0,-2825,1257,277,NA,NA,NA,Oriental
553,121.9189,11.9804,3757,55,59,20,0.0562463,0.863232682,0,0,0,0.072824156,0,-1964,2983,268,NA,NA,NA,Oriental
554,121.3909,12.0684,3320,17,80,25,0.078037245,0.813479161,0.000591191,0,0,0.045226131,0,-1716,3077,274,NA,NA,NA,Oriental
555,121.774,12.8797,2167,35,56,NA,0.000883913,0.953152622,0,0,0,0.035356511,0,-2728,1631,270,NA,NA,NA,Oriental
556,120.6146,14.2673,2300,7,97,6,0.058633832,0.693931398,0,0,0,0.232483143,0,-628,4319,267,NA,NA,NA,Oriental
557,142.8267,-6.6142,3974,256,15,1735,0.007213706,0,0,0,0,0.992786294,0,5833,3052,224,17,6,Oceanina,Oceanian
558,145.79458,-5.1563611,3435,158,29,10,0.078106152,0.482810615,0.000904704,0,0,0.423100121,0,2563,5287,259,17,6,Oceanina,Oceanian
559,153.3,-11.5,1813,63,44,1,0.014192785,0.595505618,0.000295683,0,0,0.357776464,0,290,4889,265,NA,NA,NA,Oceanian
560,148.24,-8.71,2843,112,36,76,0.154559043,0,0.001494768,0,0,0.692077728,0,8137,1072,262,17,6,Oceanina,Oceanian
561,168.1792,-15.7173,2762,115,31,527,0.028230501,0.429278231,0.000291036,0,0,0.529394645,0,2117,5259,230,17,6,Oceanina,Oceanian
562,167.8139,-15.3745,2974,131,30,985,0.016939252,0.23364486,0,0,0,0.728971963,0,2674,5204,225,17,6,Oceanina,Oceanian
563,168.1222,-15.1496,2943,124,30,529,0.024582968,0.643839625,0,0,0,0.3277729,0,0,4693,248,17,6,Oceanina,Oceanian
